姓名,分类,主分类,可信度,出现次数,相关出现,涉及书数,涉及章节数,主要书目,线索
胡适,通信 / 见面 / 学术 / 学术行政 / 诗文出处 / 公共论战 / 历史类比引用,通信,99,470,470,1,26,李敖秘密书房(470),朋友、大学、像、思想、共产党、先生、教授、学生
李登辉,政治人物 / 公职人员 / 公共论战 / 选举助选 / 财产债务 / 历史类比引用,政治人物,99,447,447,1,53,李敖秘密书房(447),国民党、总统、像、主席、民进党、见、政治、共产党
陈水扁,政治人物 / 律师代理 / 人权救援 / 通信 / 公共论战,政治人物,99,311,311,1,46,李敖秘密书房(311),国民党、总统、像、市长、民进党、政治、选举、见
蒋介石,政治人物 / 公共论战 / 历史类比引用,政治人物,99,306,306,1,52,李敖秘密书房(306),国民党、像、教授、政府、朋友、见、党部、总统
冯翊纲,文艺音乐 / 媒体 / 见面 / 诗文出处,文艺音乐,99,291,291,1,1,李敖秘密书房(291),冯翊纲：、像、妈妈、朋友、节目、见、爸爸、一起
黄珊珊,律师代理 / 政治人物 / 见面 / 公共论战,律师代理,99,271,271,1,2,李敖秘密书房(271),黄珊珊：、律师、像、法官、警察、政府、碰到、诗
宋楚瑜,政治人物 / 党务宣传 / 见面 / 公共论战 / 选举助选,政治人物,99,248,248,1,43,李敖秘密书房(248),国民党、像、总统、政治、主席、见、党部、选举
李远哲,学术 / 学术行政 / 创作资料协助 / 公共论战,学术,99,210,210,1,24,李敖秘密书房(210),研究、中央研究院、像、总统、院长、见、国民党、选举
马英九,政治人物 / 公共论战 / 选举助选,政治人物,99,209,209,1,25,李敖秘密书房(209),市长、国民党、政治、像、选举、政府、一起、部长
李昂,诗文出处 / 出版 / 朋友 / 公共论战 / 历史类比引用,诗文出处,99,205,205,1,2,李敖秘密书房(205),像、政治、一起、总统、见、共产党、国民党、结婚
郝广才,出版 / 诗文出处 / 媒体 / 见面 / 公共论战,出版,99,190,190,1,4,李敖秘密书房(190),郝广才：、像、政治、总统、见、文学、出版、朋友
连战,政治人物 / 公共论战 / 选举助选,政治人物,99,183,183,1,38,李敖秘密书房(183),国民党、像、朋友、总统、选举、政治、党部、主席
施寄青,诗文出处 / 人权救援 / 朋友 / 见面 / 公共论战,诗文出处,99,171,171,1,4,李敖秘密书房(171),像、朋友、老师、总统、节目、见、家里、宣传
尹章义,学术 / 朋友 / 见面 / 创作资料协助 / 公共论战,学术,99,160,160,1,4,李敖秘密书房(160),国民党、像、母亲、朋友、民进党、太太、政治、研究
柯俊雄,媒体 / 文艺音乐 / 政治人物 / 见面 / 公共论战,媒体,99,158,158,1,3,李敖秘密书房(158),像、朋友、导演、一起、碰到、见、同学、同班
陶传正,媒体 / 文艺音乐 / 见面 / 公共论战,媒体,99,157,157,1,1,李敖秘密书房(157),陶传正：、像、找我、电视、所谓、告诉我、妹妹、太太
鲁迅,诗文出处 / 学术 / 历史类比引用 / 神交引用 / 公共论战,诗文出处,99,157,157,1,11,李敖秘密书房(157),文学、政治、像、共产党、大学、老师、思想、一起
胡茵梦,情感 / 姻亲 / 财产信托 / 诉讼 / 媒体 / 出版,情感,99,146,146,1,26,李敖秘密书房(146),妻、像、朋友、结婚、妈妈、一起、见、离婚
公孙策,媒体 / 诗文出处 / 见面 / 公共论战,媒体,99,144,144,1,2,李敖秘密书房(144),公孙策：、国民党、政府、像、总统、所谓、见、民进党
蔡敏,文艺音乐 / 学术 / 见面,文艺音乐,99,133,133,1,1,李敖秘密书房(133),蔡敏：、像、大学、学生、见、教书、节目、批评
戴高乐,政治人物 / 军事人物 / 神交引用,政治人物,99,118,118,1,3,李敖秘密书房(118),将军、总统、政府、政治、像、出版社、出版、部长
陈文茜,媒体 / 政治人物 / 通信 / 朋友 / 见面 / 公共论战,媒体,99,117,117,1,13,李敖秘密书房(117),像、一起、政治、见、总统、诗、结婚、问我
孙中山,政治人物 / 公共论战 / 历史类比引用,政治人物,99,115,115,1,26,李敖秘密书房(115),像、国民党、见、思想、政府、主义、出版、宣传
陈敏明,媒体 / 文艺音乐 / 见面 / 创作资料协助,媒体,99,101,101,1,1,李敖秘密书房(101),像、教授、台大、结婚、认识、土地、朋友、读
林正丰,创作资料协助 / 见面 / 公共论战,创作资料协助,99,93,93,1,1,李敖秘密书房(93),林正丰：、总统、院长、民进党、像、朋友、学生、政治
林瑞图,政治人物 / 选举助选 / 通信 / 公共论战,政治人物,99,92,92,1,6,李敖秘密书房(92),起诉、委员、老师、检察官、朋友、法官、法院、节目
吕秀莲,政治人物 / 公共论战 / 选举助选,政治人物,99,82,82,1,14,李敖秘密书房(82),像、总统、县长、刑求、政治、见、编辑、国民党
李嗣涔,学术 / 学术行政 / 科学家 / 学术考证引用 / 见面 / 公共论战,学术,99,81,81,1,2,李敖秘密书房(81),像、研究、教授、所谓、朋友、古代、学术、台大
康有为,学术 / 政治人物 / 出版 / 主剧情人物 / 小说剧本人物 / 历史类比引用 / 神交引用,学术,99,77,77,1,10,李敖秘密书房(77),见、像、诗、共产党、老师、政治、书店、文星
殷乃平,学术 / 财产债务 / 创作资料协助 / 见面 / 公共论战,学术,99,71,71,1,2,李敖秘密书房(71),政府、像、国民党、总统、信托、见、大学、财产
上帝,宗教人物 / 神交引用,宗教人物,99,67,67,1,23,李敖秘密书房(67),像、见、所谓、朋友、见到、古代、妈妈、太太
郁慕明,政治人物 / 诉讼 / 朋友 / 公共论战 / 见面,政治人物,99,67,67,1,4,李敖秘密书房(67),朋友、选举、像、委员、政治、总统、国民党、所谓
张爱玲,诗文出处 / 文艺音乐 / 历史类比引用 / 神交引用,诗文出处,99,59,59,1,3,李敖秘密书房(59),像、出版、文学、序、交往、研究、所谓、宣传
徐志摩,诗文出处 / 历史类比引用 / 神交引用,诗文出处,99,59,59,1,3,李敖秘密书房(59),像、离婚、诗、一起、情书、见、父亲、学生
耶稣,宗教人物 / 历史类比引用 / 神交引用,宗教人物,99,58,58,1,22,李敖秘密书房(58),像、所谓、儿子、碰到、见、出版、法庭、特务
蒋经国,政治人物 / 公共论战 / 历史类比引用,政治人物,99,56,56,1,26,李敖秘密书房(56),像、国民党、儿子、总统、主席、请他、院长、秘书
谭嗣同,政治异议者 / 学术 / 历史类比引用 / 神交引用,政治异议者,99,52,52,1,8,李敖秘密书房(52),像、政府、朋友、爸爸、同在、文学、报导、政治
孔子,诗文出处 / 学术 / 历史类比引用 / 神交引用,诗文出处,99,50,50,1,17,李敖秘密书房(50),学生、像、思想、教授、古代、太太、离婚、书里
陈查某,财产债务 / 公款经费 / 公共论战,财产债务,99,50,50,1,4,李敖秘密书房(50),儿子、女儿、老师、法官、像、父亲、总统、嫁给
刘家昌,媒体 / 文艺音乐 / 情感 / 公共论战 / 见面,媒体,99,49,49,1,10,李敖秘密书房(49),导演、朋友、像、访问、问我、国民党、儿子、同学
李庆华,政治人物 / 公共论战,政治人物,99,43,43,1,13,李敖秘密书房(43),主席、记者、像、选举、法官、总统、见、国民党
丁乃竺,神交引用 / 见面,待复核,99,41,25,1,3,李敖秘密书房(41),像、见、朋友、爸爸、委员、电视、一起、选举
李十力,主剧情人物 / 小说剧本人物 / 虚拟人物 / 宗教人物 / 学术 / 政治异议者,主剧情人物,99,40,40,1,2,李敖秘密书房(40),一起、共产党、见、哥哥、见面、认识、碰到、教授
梁启超,学术 / 政治人物 / 诗文出处 / 历史类比引用 / 神交引用,学术,99,40,40,1,15,李敖秘密书房(40),诗、像、见、老师、学生、政府、哲学、文学
许信良,政治人物 / 政治异议者 / 公共论战 / 选举助选,政治人物,99,40,40,1,14,李敖秘密书房(40),主席、政治、像、委员、夫人、上诉、请我、总统
曹操,政治人物 / 军事人物 / 诗文出处 / 历史类比引用 / 公共论战,政治人物,99,39,39,1,5,李敖秘密书房(39),像、研究、节目、女儿、主义、将军、见、教授
梁实秋,学术 / 出版 / 诗文出处 / 历史类比引用 / 神交引用,学术,99,39,39,1,8,李敖秘密书房(39),先生、老师、文星、研究、中央研究院、出版、学者、学术
陈丰伟,医疗照护 / 媒体 / 出版 / 见面 / 诗文出处,医疗照护,99,39,39,1,1,李敖秘密书房(39),像、读、所谓、老师、杂志、书里、报纸、出版
雷震,政治异议者 / 出版 / 媒体 / 同案狱友 / 创作资料协助,政治异议者,99,39,39,1,8,李敖秘密书房(39),杂志、朋友、像、国民党、发行、政府、批评、政治
陈独秀,学术 / 政治人物 / 神交引用,学术,99,37,37,1,3,李敖秘密书房(37),共产党、文学、杂志、大学、儿子、院长、思想、国民党
罗斯福,政治人物 / 神交引用,政治人物,99,36,36,1,9,李敖秘密书房(36),总统、传记、政府、一起、主义、晤、助理、见
释迦牟尼,宗教人物 / 神交引用,宗教人物,99,36,36,1,8,李敖秘密书房(36),像、思想、说过、妈妈、碰到、出版品、儿子、出版
施明德,政治异议者 / 政治人物 / 公共论战,政治异议者,99,35,35,1,10,李敖秘密书房(35),一起、政治、像、主席、选举、分手、先生、批评
希特勒,政治人物 / 公共论战 / 历史类比引用 / 神交引用,政治人物,99,33,33,1,12,李敖秘密书房(33),像、主义、参谋、司令、上校、一起、结婚、政治
杨西崑,公职人员 / 创作资料协助 / 通信 / 历史类比引用,公职人员,99,33,33,1,1,李敖秘密书房(33),先生、见、跟我说、像、国民党、请我、家里、到我家
丘吉尔,政治人物 / 诗文出处 / 历史类比引用 / 神交引用,政治人物,99,32,32,1,9,李敖秘密书房(32),像、一起、找他、文学、太太、少将、所谓、晤
傅斯年,学术 / 学术行政 / 诗文出处 / 公共论战 / 历史类比引用,学术,99,31,31,1,5,李敖秘密书房(31),研究、中央研究院、学生、大学、教授、见、所长、同学
李翰祥,媒体 / 文艺音乐 / 朋友 / 见面 / 公共论战 / 创作资料协助,媒体,99,31,31,1,7,李敖秘密书房(31),导演、像、朋友、一起、家里、认识、太太、情人
张大千,文艺音乐 / 诗文出处 / 公共论战 / 历史类比引用 / 神交引用,文艺音乐,99,30,30,1,5,李敖秘密书房(30),像、出版、出版品、大学、先生、院长、诗、一起
刘泰英,政治人物 / 诉讼 / 财产债务,政治人物,99,29,29,1,12,李敖秘密书房(29),国民党、同学、朋友、请我、像、学生、父亲、爸爸
毛泽东,政治人物 / 公共论战 / 历史类比引用,政治人物,99,29,29,1,12,李敖秘密书房(29),共产党、国民党、像、宣传、政治、思想、文学、所谓
王建煊,政治人物 / 公共论战,政治人物,99,29,29,1,7,李敖秘密书房(29),先生、朋友、委员、政治、一起、节目、到我家、我家来
萧孟能,出版 / 出版管制 / 财产债务 / 公共论战 / 历史类比引用,出版,99,29,29,1,4,李敖秘密书房(29),文星、先生、朋友、政治、国民党、发行、杂志、像
黄兴,政治人物 / 政治异议者 / 历史类比引用 / 神交引用,政治人物,99,27,27,1,4,李敖秘密书房(27),像、认识、部长、政府、所谓、国民党、将军、见
慈禧,政治人物 / 历史类比引用 / 神交引用,政治人物,99,26,26,1,11,李敖秘密书房(26),碰到、政府、像、政治、夫人、学者、母亲、主义
罗素,诗文出处 / 学术 / 历史类比引用 / 神交引用 / 出版,诗文出处,99,26,26,1,11,李敖秘密书房(26),哲学、文学、像、主义、大学、作品、思想、太太
马尔罗,出版 / 政治人物 / 神交引用,出版,99,26,26,1,2,李敖秘密书房(26),部长、文学、总统、杂志、国民党、共产党、像、先生
彭明敏,政治异议者 / 人权救援 / 公共论战,政治异议者,99,25,25,1,12,李敖秘密书房(25),像、学生、爸爸、总统、朋友、县长、委员、研究
玛利亚,宗教人物 / 历史类比引用 / 神交引用,宗教人物,99,25,25,1,10,李敖秘密书房(25),像、政治、妹妹、见、报纸、市长、查禁、文学
郑成功,历史类比引用 / 军事人物 / 政治人物 / 神交引用,历史类比引用,99,25,25,1,3,李敖秘密书房(25),政府、妈妈、爸爸、像、台独、见、告诉我、朋友
陈清忠,亲属 / 司法人员 / 诉讼 / 财产债务,亲属,99,25,20,1,4,李敖秘密书房(25),女儿、儿子、太太、院长、起诉、父亲、岳母、检察官
侯宝林,文艺音乐 / 媒体 / 历史类比引用,文艺音乐,99,24,24,1,2,李敖秘密书房(24),见、认识、像、批评、先生、拜访、回信、大学
爱因斯坦,科学家 / 历史类比引用 / 神交引用,科学家,99,24,24,1,14,李敖秘密书房(24),像、大学、哲学、老师、学者、思想、太太、离婚
谢长廷,政治人物 / 律师代理 / 选举助选 / 通信 / 公共论战,政治人物,99,24,24,1,8,李敖秘密书房(24),律师、民进党、像、太太、上诉、所谓、政治、朋友
林义雄,政治人物 / 政治异议者 / 人权救援 / 社会案件 / 亲属 / 公共论战,政治人物,99,23,23,1,3,李敖秘密书房(23),像、主席、国民党、刑求、家里、跟我说、见、先生
蔡元培,学术行政 / 学术 / 诗文出处 / 公共论战 / 历史类比引用,学术行政,99,21,21,1,7,李敖秘密书房(21),大学、研究、中央研究院、院长、国民党、像、太太、父亲
袁崇焕,历史类比引用 / 军事人物 / 政治异议者 / 神交引用,历史类比引用,99,21,21,1,4,李敖秘密书房(21),将军、像、政府、说过
琼瑶,出版 / 神交引用,出版,99,20,20,1,6,李敖秘密书房(20),像、情书、文学、书里、一起、教授、节目、见
陈履安,政治人物 / 财产债务 / 亲属 / 通信 / 公共论战,政治人物,99,20,20,1,9,李敖秘密书房(20),民进党、像、拜访、选举、国民党、爸爸、一起、先生
李友邦,亲属 / 公共论战 / 姻亲 / 见面,亲属,99,19,16,1,2,李敖秘密书房(19),太太、国民党、儿子、见、共产党、爸爸、学者、将军
李大钊,政治人物 / 公共论战 / 历史类比引用,政治人物,99,19,19,1,3,李敖秘密书房(19),共产党、大学、管理员、国民党、学生、政治、教授、诗
甘地,历史类比引用 / 政治异议者 / 神交引用,历史类比引用,99,19,19,1,5,李敖秘密书房(19),像、太太、律师、一起、主义、诗、辩护、家里
胡兰成,见面 / 通信 / 神交引用 / 亲属,见面,99,19,17,1,1,李敖秘密书房(19),认识、像、写信、说过、杂志、宣传、朋友、政府
袁世凯,政治人物 / 公共论战 / 历史类比引用,政治人物,99,19,19,1,5,李敖秘密书房(19),总统、政府、儿子、写信、出版、所谓、夫人
李宗仁,政治人物 / 军事人物 / 公职人员 / 选举助选 / 诗文出处 / 历史类比引用,政治人物,99,18,18,1,3,李敖秘密书房(18),总统、秘书、父亲、宣传、学生、儿子、读、大学
殷海光,学术 / 师生 / 见面 / 出版 / 公共论战 / 诗文出处 / 历史类比引用,学术,99,18,18,1,8,李敖秘密书房(18),杂志、老师、发行、像、主义、国民党、到我家、家里
胡秋原,公共论战 / 诉讼 / 学术 / 出版 / 党务宣传 / 左派转向 / 诗文出处 / 历史类比引用,公共论战,99,18,18,1,10,李敖秘密书房(18),国民党、报纸、委员、研究、中央研究院、攻击、法庭、共产党
司马光,政治人物 / 学术 / 诗文出处 / 历史类比引用 / 神交引用,政治人物,99,17,17,1,1,李敖秘密书房(17),著作、哲学、政治、读、一起、大学、节目、电视
郝龙斌,政治人物 / 公共论战,政治人物,99,17,17,1,5,李敖秘密书房(17),记者、像、政治、法院、儿子、爸爸、记者招待会、电视
戴维思,神交引用,待复核,99,16,16,1,1,李敖秘密书房(16),所谓、读、先生、报导、研究、老师、教授、告诉我
林语堂,学术 / 诗文出处 / 公共论战 / 神交引用,学术,99,16,16,1,6,李敖秘密书房(16),老师、像、作品、教授、大学、政治、思想、主义
陈鹏钦,学术行政,学术行政,99,16,15,1,3,李敖秘密书房(16),事务、研究、中央研究院、总统、本院、院长、秘书、书里
邓丽君,文艺音乐 / 创作资料协助 / 公共论战,文艺音乐,99,15,15,1,2,李敖秘密书房(15),认识、报导、朋友、请我、太太、母亲、中将、教授
常常讲,神交引用 / 公共论战 / 诉讼,神交引用,99,14,12,1,12,李敖秘密书房(14),像、见、打电话、电话、学生、父亲、国民党、朋友
林徽因,诗文出处 / 文艺音乐 / 历史类比引用 / 神交引用,诗文出处,99,14,14,1,1,李敖秘密书房(14),父亲、像、离婚、爸爸、夫人、情书、女儿、儿子
王世杰,政治人物 / 学术行政 / 公共论战 / 公款经费 / 财产债务,政治人物,99,14,14,1,5,李敖秘密书房(14),研究、中央研究院、院长、部长、国民党、请我、序、批评
章太炎,学术 / 诗文出处 / 出版 / 政治异议者 / 公共论战 / 历史类比引用,学术,99,14,14,1,5,李敖秘密书房(14),学生、序、像、大学、读、所谓、古代、先生
连惠心,亲属 / 姻亲 / 师生,亲属,99,14,11,1,3,李敖秘密书房(14),女儿、结婚、老师、儿子、嫁给、起诉、哥哥、姐姐
江冬秀,姻亲 / 出版 / 公共论战,姻亲,99,13,13,1,2,李敖秘密书房(13),妈妈、家里、儿子、太太、妻、母亲、拳头、研究
谢启大,政治人物 / 司法人员 / 公共论战,政治人物,99,13,13,1,5,李敖秘密书房(13),委员、法院、像、妈妈、国民党、学者、院长、问我
陈进兴,社会案件 / 公共论战,社会案件,99,13,13,1,4,李敖秘密书房(13),像、电视、教授、法务部、监狱、部长、报导、结婚
龙应台,媒体 / 学术 / 公共论战,媒体,99,13,13,1,6,李敖秘密书房(13),像、一起、朋友、部长、政治、总统、民进党、批评
曾文惠,亲属 / 财产债务 / 公共论战,亲属,99,12,12,1,3,李敖秘密书房(12),读、夫人、节目、到我家、女士、母亲、妈妈、妹妹
李老师,师生,师生,99,12,12,1,6,李敖秘密书房(12),老师、法官、总统、父亲、读、序、朋友、节目
李薰山,诉讼 / 军事人物,诉讼,99,12,9,1,1,李敖秘密书房(12),共产党、先生、判决、司令、朋友、台大、访谈、国民党
秦孝仪,学术行政 / 政治人物 / 出版 / 出版管制 / 公共论战 / 历史类比引用,学术行政,99,12,12,1,6,李敖秘密书房(12),律师、总统、思想、见、法官、法院、像、书里
那意思,神交引用 / 监所医疗,待复核,99,12,9,1,9,李敖秘密书房(12),病房、政治、大学、学生、律师、比喻、读、记者
万书如,神交引用,待复核,99,11,11,1,5,李敖秘密书房(11),所谓、诗、书里、像、节目
刘峰松,政治异议者 / 诗文出处 / 同案狱友 / 通信 / 公共论战,政治异议者,99,11,11,1,2,李敖秘密书房(11),老师、看守所、朋友、像、我家来、委员、爸爸、一起
翁岳生,司法人员 / 学术 / 见面,司法人员,99,11,11,1,2,李敖秘密书房(11),院长、法院、大学、台大、国民党、问我、总统、像
赵少康,政治人物 / 媒体 / 公共论战 / 朋友,政治人物,99,11,11,1,7,李敖秘密书房(11),选举、市长、访问、问我、政治、请我、跟我说、太太
邓小平,政治人物 / 公共论战 / 历史类比引用 / 神交引用,政治人物,99,11,11,1,6,李敖秘密书房(11),文学、共产党、所谓、见、批评、像、朋友
陶渊明,诗文出处 / 学术 / 历史类比引用 / 神交引用,诗文出处,99,11,11,1,4,李敖秘密书房(11),儿子、朋友、诗、母亲、像、国民党、读
马克思,学术 / 公共论战 / 历史类比引用,学术,99,11,11,1,2,李敖秘密书房(11),主义、写信、朋友、名言、像、见、见证
刘绍唐,出版 / 媒体 / 师生 / 见面 / 通信 / 公共论战 / 创作资料协助,出版,99,10,10,1,4,李敖秘密书房(10),文学、传记、朋友、一起、学生、大学、先生、出版社
庄子,历史类比引用 / 神交引用,历史类比引用,99,10,10,1,6,李敖秘密书房(10),序、所谓、像、哲学、研究、读、古代
徐霞客,神交引用 / 师生,待复核,99,10,6,1,2,李敖秘密书房(10),像、教授、读、老师、传记
杜甫,诗文出处 / 历史类比引用 / 神交引用,诗文出处,99,10,10,1,5,李敖秘密书房(10),诗、妻、像、作品、文学、访问、记者、国民党
杨贵雄,姻亲 / 司法人员,姻亲,99,10,10,1,1,李敖秘密书房(10),太太、报纸、法官、像、检察官、老师、法务部、法院
林弘宣,政治异议者 / 通信 / 人权救援,政治异议者,99,10,10,1,4,李敖秘密书房(10),像、到我家、我家来、爸爸、律师、辩护、太太、报纸
殷琪,财产债务 / 公共论战,财产债务,99,10,10,1,4,李敖秘密书房(10),妈妈、见、家里、像、历史上、大学、认识、一起
汪荣祖,学术 / 创作资料协助 / 出版 / 通信 / 见面 / 历史类比引用,学术,99,10,10,1,7,李敖秘密书房(10),教授、朋友、找他、像、研究、见、论文、学生
王安石,历史类比引用 / 政治人物 / 学术 / 神交引用,历史类比引用,99,10,10,1,7,李敖秘密书房(10),诗、文学、批评、像、老师、学生、朋友、报导
翁金珠,政治人物 / 选举助选 / 公共论战,政治人物,99,10,10,1,3,李敖秘密书房(10),到我家、我家来、法院、委员、老师、朋友、访问、记者
肯尼迪,政治人物 / 公职人员 / 历史类比引用,政治人物,99,10,10,1,5,李敖秘密书房(10),总统、像、晤、访问、记者、记者招待会、爸爸、女儿
蒋廷黻,学术 / 政治人物 / 诗文出处 / 历史类比引用 / 公共论战 / 神交引用,学术,99,10,10,1,3,李敖秘密书房(10),序、见、文星、批评、国民党、像、朋友、部长
颜清标,政治人物 / 公共论战,政治人物,99,10,10,1,5,李敖秘密书房(10),部长、政治、老师、法务部、选举、先生
严停云,出版 / 亲属 / 姻亲 / 公共论战,出版,99,9,9,1,2,李敖秘密书房(9),夫人、学生、电视、女士、总统、诗、认识、老师
严秀峰,姻亲 / 亲属 / 公共论战,姻亲,99,9,9,1,1,李敖秘密书房(9),女士、太太、共产党、见、国民党、见证、爸爸、儿子
凤梨,司法人员 / 政治人物 / 神交引用,司法人员,99,9,9,1,2,李敖秘密书房(9),法官、总统、像、朋友、院长、法院、土地、委员
叶金凤,司法人员 / 公职人员 / 公共论战,司法人员,99,9,9,1,4,李敖秘密书房(9),部长、法务部、采访、选举、国民党、院长、委员、检察官
姚从吾,师生 / 学术 / 见面 / 创作资料协助,师生,99,9,9,1,3,李敖秘密书房(9),老师、研究、同学、中央研究院、写信、同班、先生、见
尼克松,政治人物 / 主剧情人物 / 小说剧本人物 / 历史类比引用,政治人物,99,9,9,1,5,李敖秘密书房(9),总统、政治、像、将军、所谓、访问、共产党
林肯,政治人物 / 历史类比引用 / 神交引用,政治人物,99,9,9,1,7,李敖秘密书房(9),像、总统、妈妈、儿子、认识、母亲、国民党、政府
江泽民,政治人物 / 公共论战,政治人物,99,9,9,1,6,李敖秘密书房(9),报纸、政治、总统、一起、访问、记者、选举、国民党
汪精卫,政治人物 / 公职人员 / 历史类比引用,政治人物,99,9,9,1,4,李敖秘密书房(9),像、政府、文学、写信、研究、中央研究院、院长、秘书
沈君山,学术 / 学术行政 / 党务宣传 / 机构警卫 / 公共论战,学术,99,9,9,1,2,李敖秘密书房(9),妻、问我、碰到、电视、像、妈妈、教授、一起
王又曾,亲属 / 公共论战,亲属,99,9,9,1,6,李敖秘密书房(9),警察、像、国民党、教授、朋友、报纸、爸爸、财产
郝柏村,军事人物 / 政治人物 / 公职人员 / 选举助选 / 公共论战,军事人物,99,9,9,1,6,李敖秘密书房(9),儿子、国民党、民进党、节目、院长、作品、诗、总统
里根,政治人物 / 主剧情人物 / 小说剧本人物 / 媒体 / 历史类比引用,政治人物,99,9,9,1,5,李敖秘密书房(9),像、总统、政治、跟我说、爸爸、家里、太太、电视
列宁,政治人物 / 公共论战 / 历史类比引用,政治人物,99,8,8,1,4,李敖秘密书房(8),政治、所谓、朋友、像、国民党、共产党、研究
危楼,学术行政 / 神交引用,待复核,99,8,8,1,3,李敖秘密书房(8),研究、中央研究院、古代、像
康宁祥,政治人物 / 政治异议者 / 选举助选 / 公共论战 / 历史类比引用,政治人物,99,8,8,1,3,李敖秘密书房(8),委员、总统、大学、碰到、弟弟、关怀、民进党、像
方素敏,政治异议者 / 人权救援 / 社会案件 / 通信 / 亲属 / 公共论战,政治异议者,99,8,8,1,1,李敖秘密书房(8),见、见面、朋友
王兆民,政治人物 / 公职人员 / 通信 / 出版 / 创作资料协助,政治人物,99,8,8,1,1,李敖秘密书房(8),父亲、先生、同学、大学、同班、国民党、委员、母亲
蒋彦士,政治人物 / 公共论战,政治人物,99,8,8,1,2,李敖秘密书房(8),父亲、大学、像、跟我说、说过、先生、读、找我
陈炳基,见面 / 媒体,见面,99,8,7,1,1,李敖秘密书房(8),访问、报导、见、记者、问我、共产党、先生、见面
黄信介,政治人物 / 政治异议者 / 媒体 / 公职人员 / 公共论战,政治人物,99,8,8,1,3,李敖秘密书房(8),报人、像、女儿、委员、见、爸爸、关怀、弟弟
任显群,司法人员 / 政治人物 / 历史类比引用 / 亲属,司法人员,99,7,7,1,1,李敖秘密书房(7),嫁给
冯沪祥,学术 / 政治人物 / 朋友 / 创作资料协助 / 公共论战,学术,99,7,7,1,5,李敖秘密书房(7),总统、找我、委员、记者、台独、国民党、见、见面
凯撒,政治人物 / 军事人物 / 历史类比引用 / 神交引用,政治人物,99,7,7,1,1,李敖秘密书房(7),
司法改,司法人员,司法人员,99,7,6,1,4,李敖秘密书房(7),法官、律师、判决、选举、国民党、像、跟我说、问我
周恩来,政治人物 / 公共论战 / 创作资料协助 / 历史类比引用,政治人物,99,7,7,1,4,李敖秘密书房(7),共产党、同学、同班、记者、像、先生、见、所谓
宗教,神交引用,待复核,99,7,5,1,3,李敖秘密书房(7),像、朋友
广告人,政治人物 / 神交引用,政治人物,99,7,7,1,1,李敖秘密书房(7),总统、像、爸爸、文星、研究、选举、主义
李元簇,司法人员 / 政治人物 / 公职人员 / 公共论战 / 历史类比引用,司法人员,99,7,7,1,2,李敖秘密书房(7),总统、司法行政部、老师、一起
杜威,学术 / 诗文出处 / 历史类比引用 / 神交引用,学术,99,7,7,1,1,李敖秘密书房(7),学生、哲学、夫人、陪他、先生、主义、诗、老师
梅兰芳,媒体 / 神交引用,媒体,99,7,7,1,2,李敖秘密书房(7),交情、像、朋友
游锡堃,政治人物 / 公职人员 / 公共论战,政治人物,99,7,7,1,1,李敖秘密书房(7),记者、秘书、访问、主席、委员、朋友、像
莎士比亚,诗文出处 / 历史类比引用 / 神交引用,诗文出处,99,7,7,1,4,李敖秘密书房(7),像
陈彦增,同学 / 朋友 / 见面 / 通信 / 证人见证 / 出版 / 公共论战,同学,99,7,7,1,4,李敖秘密书房(7),朋友、大学、教授、见、见面、问我、一起、同学
齐邦媛,学术 / 诗文出处 / 亲属 / 历史类比引用,学术,99,7,7,1,2,李敖秘密书房(7),老师、文学、作品、教授、国民党、所谓、像
俞大维,军事人物 / 公职人员 / 学术 / 历史类比引用,军事人物,99,6,6,1,2,李敖秘密书房(6),请他、法院、部长、国民党、像、委员、见
卡特,政治人物 / 主剧情人物 / 小说剧本人物 / 历史类比引用,政治人物,99,6,6,1,3,李敖秘密书房(6),政府、总统、见、所谓、记者
司法审,亲属 / 同案狱友,亲属,99,6,5,1,1,李敖秘密书房(6),爸爸、像、杂志、军法、国民党、见、律师
吴大猷,学术 / 学术行政 / 公共论战,学术,99,6,6,1,3,李敖秘密书房(6),学生、研究、院长、中央研究院、朋友、秘书、所谓、像
吴相湘,师生 / 学术 / 见面 / 编辑 / 诗文出处 / 出版,师生,99,6,6,1,3,李敖秘密书房(6),同学、请我、教授、大学、老师、批评、写信、先生
孟子,学术 / 历史类比引用 / 神交引用,学术,99,6,6,1,5,李敖秘密书房(6),太太、离婚、书里、诗、思想、家里、妻、见
巫金声,媒体,媒体,99,6,5,1,1,李敖秘密书房(6),先生、访问、记者、认识、找他、打电话、电话、家里
应凤凰,出版,出版,99,6,6,1,4,李敖秘密书房(6),文学、研究、跟我说、小姐、像
支持国,政治人物 / 公共论战,政治人物,99,6,6,1,4,李敖秘密书房(6),国民党、像、选举、批评、大学、立委、主席
田弘茂,政治人物,政治人物,99,6,6,1,1,李敖秘密书房(6),部长、像、先生、总统
谢聪敏,政治人物 / 人权救援 / 创作资料协助 / 公共论战,政治人物,99,6,6,1,3,李敖秘密书房(6),朋友、父亲、老师、学生、一起、教授、同学、交往
霍姆斯,司法人员 / 诗文出处 / 历史类比引用 / 神交引用,司法人员,99,6,6,1,2,李敖秘密书房(6),法官、主席
公开表,媒体,媒体,99,5,5,1,4,李敖秘密书房(5),记者、太太、上诉、访问、问我、报导、跟我说、主席
叶明勋,财产债务 / 财产信托 / 通信,财产债务,99,5,5,1,3,李敖秘密书房(5),先生、夫人、发行、杂志、文星、总统、诗、哥哥
叶菊兰,政治人物 / 选举助选 / 公共论战,政治人物,99,5,5,1,4,李敖秘密书房(5),朋友、像、委员、民进党、爸爸、杂志、国民党、编辑
张慰慈,学术 / 诗文出处 / 神交引用,学术,99,5,5,1,2,李敖秘密书房(5),教授、朋友、大学、政治
斯大林,政治人物 / 公共论战 / 历史类比引用,政治人物,99,5,5,1,4,李敖秘密书房(5),共产党、晤、访问、像、见
李济,学术 / 学术行政 / 公共论战,学术,99,5,5,1,3,李敖秘密书房(5),研究、中央研究院、所长、写信、著作、像、请他、老师
杰斐逊,政治人物 / 创作资料协助 / 历史类比引用,政治人物,99,5,5,1,3,李敖秘密书房(5),总统、所谓、母亲、妈妈、大学
江述凡,朋友 / 见面 / 通信 / 创作资料协助 / 文艺音乐,朋友,99,5,5,1,1,李敖秘密书房(5),朋友、节目、广播、先生
猪八戒,虚拟人物 / 小说剧本人物 / 历史类比引用,虚拟人物,99,5,5,1,4,李敖秘密书房(5),像、总统、选举、电视
王作荣,师生 / 学术 / 政治人物 / 创作资料协助 / 公共论战,师生,99,5,5,1,2,李敖秘密书房(5),经费、选举、一起、老师、文学、像、见
萧伯纳,诗文出处 / 历史类比引用 / 神交引用,诗文出处,99,5,5,1,3,李敖秘密书房(5),文学、像
邱复生,媒体 / 财产债务 / 公共论战,媒体,99,5,5,1,1,李敖秘密书房(5),朋友、报导、电话、打电话、电视、市长、政府、民进党
陈必照,学术行政,学术行政,99,5,5,1,2,李敖秘密书房(5),委员、一起、研究、中央研究院、同在、院长、学者、所谓
马占山,军事人物 / 政治人物 / 历史类比引用,军事人物,99,5,5,1,1,李敖秘密书房(5),将军、父亲、所谓、家里、主席、政府、司令、宣传
任叔永,师生,师生,99,4,4,1,1,李敖秘密书房(4),朋友、学生、太太、妈妈、妻、嫁给、杂志、同仁
别人打,监狱行政,监狱行政,99,4,4,1,4,李敖秘密书房(4),秘书、参谋、儿子、家里、诗、律师、辩护、朋友
吴汉,历史类比引用 / 神交引用 / 军事人物 / 政治人物,历史类比引用,99,4,4,1,1,李敖秘密书房(4),将军、一起
周百炼,政治人物 / 公共论战,政治人物,99,4,4,1,2,李敖秘密书房(4),女儿、太太、院长、儿子、岳母、爸爸
哥伦布,探险航行 / 历史类比引用 / 神交引用,探险航行,99,4,4,1,1,李敖秘密书房(4),见、像
岳飞,历史类比引用 / 军事人物 / 神交引用,历史类比引用,99,4,4,1,3,李敖秘密书房(4),朋友、见
张群,政治人物 / 公职人员 / 出版管制 / 公共论战 / 历史类比引用,政治人物,99,4,4,1,1,李敖秘密书房(4),同学、同班、学生、传记、像
徐世贤,司法人员 / 公职人员 / 师生 / 亲属,司法人员,99,4,4,1,1,李敖秘密书房(4),司法行政部、老师、总统、法务部、部长
拿破仑,政治人物 / 军事人物 / 历史类比引用 / 神交引用,政治人物,99,4,4,1,3,李敖秘密书房(4),像、国民党、比喻
朱熹,神交引用 / 学术,神交引用,99,4,4,1,2,李敖秘密书房(4),像
柏拉图,学术 / 历史类比引用 / 神交引用,学术,99,4,4,1,4,李敖秘密书房(4),家里、哲学、像
章孝慈,学术行政 / 政治人物 / 见面 / 公共论战 / 历史类比引用,学术行政,99,4,4,1,4,李敖秘密书房(4),大学、教书、传记、文学、校长
诸葛亮,政治人物 / 军事人物 / 历史类比引用,政治人物,99,4,4,1,4,李敖秘密书房(4),像
云遮望,神交引用,神交引用,99,3,3,1,2,李敖秘密书房(3),文学、诗、报导
吕传胜,律师代理,律师代理,99,3,3,1,2,李敖秘密书房(3),律师、辩护、像、哥哥、妹妹、法院、所谓、妈妈
曾心仪,出版 / 通信 / 政治异议者 / 选举助选 / 人权救援 / 创作资料协助 / 公共论战,出版,98,8,8,1,1,李敖秘密书房(8),像、访问、一起、研究、中央研究院
蒋孝武,政治人物 / 亲属 / 公共论战,政治人物,98,7,7,1,4,李敖秘密书房(7),请他、委员、儿子、哲学
陈兆基,朋友 / 创作资料协助 / 出版 / 见面 / 历史类比引用,朋友,98,6,6,1,4,李敖秘密书房(6),朋友、先生、书里、学生、研究
张作锦,媒体 / 编辑 / 公共论战,媒体,96,4,4,1,3,李敖秘密书房(4),一起、主席、先生、学生、夫人、朋友、国民党
杜鲁门,政治人物 / 历史类比引用 / 神交引用,政治人物,96,3,3,1,2,李敖秘密书房(3),总统、像、晤、访问、政府
申佩芬,师生 / 同学 / 亲属 / 创作资料协助,师生,96,3,3,1,1,李敖秘密书房(3),女士、老师、同学、爸爸、妈妈、太太、哲学、教书
朱惠良,政治人物 / 通信 / 选举助选 / 公共论战,政治人物,95,78,78,1,4,李敖秘密书房(78),像、研究、见、老师、儿子、出版、政治、法院
吴兆南,神交引用,待复核,95,59,16,1,2,李敖秘密书房(59),像、见、问我、学生、电视、同学、妈妈、广播
于白侬,监狱行政 / 神交引用 / 师生,待复核,95,48,29,1,1,李敖秘密书房(48),像、监狱、见、读、老师、母亲、见面、妻
李庆安,政治人物 / 公共论战,政治人物,95,48,48,1,4,李敖秘密书房(48),国民党、像、朋友、民进党、见、选举、政治、请他
苏伟贞,神交引用,待复核,95,38,24,1,1,李敖秘密书房(38),像、研究、文学、见、攻击、政府、作品、总统
刘义钧,政治人物 / 学术 / 公共论战 / 师生,政治人物,95,37,31,1,2,李敖秘密书房(37),政治、像、总统、研究、部长、教授、选举、国民党
时候看,神交引用 / 公共论战 / 师生,待复核,95,27,16,1,23,李敖秘密书房(27),像、老师、国民党、学生、朋友、杂志、见、批评
能看到,神交引用 / 亲属 / 公共论战 / 师生,待复核,95,21,14,1,16,李敖秘密书房(21),像、政治、教授、书里、出版社、出版、文学、关怀
常重要,神交引用 / 媒体 / 公共论战,待复核,95,19,12,1,16,李敖秘密书房(19),像、所谓、节目、民进党、读、法官、主编、杂志
王永庆,财产债务 / 财产信托 / 通信 / 公共论战,财产债务,95,19,19,1,6,李敖秘密书房(19),县长、像、政府
郑南榕,烈士殉难 / 媒体 / 政治异议者 / 公共论战 / 朋友 / 见面 / 通信,烈士殉难,95,19,19,1,6,李敖秘密书房(19),台独、朋友、杂志、国民党、女儿、宣传、主义、像
陈诚,政治人物 / 军事人物 / 创作资料协助 / 历史类比引用,政治人物,95,18,18,1,3,李敖秘密书房(18),党部、委员、爸爸、共产党、一起、秘书、党务、读
刘志成,师生 / 见面,待复核,95,17,8,1,1,李敖秘密书房(17),老师、教授、像、见、碰到、报导、哲学、女儿
魏廷朝,朋友 / 创作资料协助 / 政治异议者 / 公共论战,朋友,95,16,16,1,6,李敖秘密书房(16),爸爸、像、朋友、刑求、政府、政治、弟弟、委员
王国维,学术 / 诗文出处 / 神交引用,学术,95,15,15,1,1,李敖秘密书房(15),学者、研究、教书、国民党、共产党、朋友、像、政府
台币,神交引用 / 学术,待复核,95,14,10,1,8,李敖秘密书房(14),像、研究、中央研究院、县长、共产党、学者、发行、老师
林益民,师生 / 学术,师生,95,14,9,1,1,李敖秘密书房(14),教授、大学、认识、朋友、批评、像、所谓、总统
罗文嘉,政治人物 / 见面 / 公共论战,政治人物,95,14,14,1,5,李敖秘密书房(14),台大、政府、一起、朋友、节目、像、见、认识
苏秋镇,政治人物 / 政治异议者 / 公共论战 / 见面,政治人物,95,13,13,1,5,李敖秘密书房(13),报纸、朋友、民进党、像、一起、政治、历史上、请他
蒋梦麟,学术 / 政治人物 / 见面 / 公共论战,学术,95,13,13,1,1,李敖秘密书房(13),大学、父亲、老师、北大、代理、学生、同学、委员
谢雪红,政治异议者 / 被害人 / 历史类比引用 / 公共论战,政治异议者,95,13,13,1,3,李敖秘密书房(13),传记、共产党、一起、碰到、朋友、像、政治、见
顾颉刚,学术 / 编辑 / 出版 / 历史类比引用 / 神交引用,学术,95,13,13,1,1,李敖秘密书房(13),研究、读、学生、夫人、古代、同学、出版社、出版
侯冠群,神交引用,神交引用,95,12,9,1,3,李敖秘密书房(12),像、一起、节目、学生、研究、政府
吴健雄,神交引用 / 科学家,神交引用,95,11,11,1,2,李敖秘密书房(11),同学、像、夫人、学生、律师、总统、宣传、博士
尤清,公职人员 / 政治人物 / 律师代理 / 政治异议者 / 人权救援 / 公共论战,公职人员,95,11,11,1,6,李敖秘密书房(11),律师、像、民进党、政治、哥哥、所谓、认识、总统
干嘛,见面,待复核,95,11,5,1,9,李敖秘密书房(11),记者、陪我、老师、学生、跟我说、节目、见、巴掌
张学良,军事人物 / 政治人物 / 公共论战 / 创作资料协助 / 历史类比引用,军事人物,95,11,11,1,6,李敖秘密书房(11),像、爸爸、一起、研究、杂志、读、老师、学者
钱穆,学术 / 诗文出处 / 历史类比引用 / 神交引用,学术,95,11,11,1,4,李敖秘密书房(11),学者、史学、见、写信、同学、儿子、认识、研究
司法组,学术 / 律师代理,学术,95,10,10,1,4,李敖秘密书房(10),台大、大学、院长、法院、妹妹、律师、辩护、像
杜正胜,政治人物 / 学术 / 见面,政治人物,95,10,10,1,4,李敖秘密书房(10),研究、中央研究院、所长、像、认识、学术、一起、委员
萧万长,政治人物 / 公共论战,政治人物,95,10,10,1,9,李敖秘密书房(10),像、总统、政治、院长、政府、国民党、党部、部长
陈弘元,亲属 / 诉讼 / 司法人员,亲属,95,10,10,1,2,李敖秘密书房(10),记者、儿子、法院、证人、法官、女儿、太太、院长
高德明,见面,见面,95,10,7,1,3,李敖秘密书房(10),见、儿子、朋友、说过
何秀子,社会案件 / 诉讼 / 公共论战,社会案件,95,9,9,1,2,李敖秘密书房(9),同学、像、主义、编辑、姐姐、批评
关中,政治人物 / 党务宣传 / 选举助选,政治人物,95,9,9,1,4,李敖秘密书房(9),爸爸、妈妈、读、像、见、一起、研究、朋友
家好,师生 / 见面,师生,95,9,9,1,9,李敖秘密书房(9),老师、朋友、见、法官、见面、认识、总统、所谓
程国强,亲属 / 学术 / 创作资料协助,亲属,95,9,9,1,6,李敖秘密书房(9),像、总统、主义、朋友、学者、找他、老师、学生
陈衡哲,诗文出处 / 学术 / 公共论战 / 历史类比引用,诗文出处,95,9,9,1,1,李敖秘密书房(9),朋友、妈妈、学生、太太、妻、嫁给、杂志、同仁
公开讲,学术,待复核,95,8,6,1,7,李敖秘密书房(8),研究、像、将军、古人、共产党、见、朋友、中央研究院
孟祥柯,朋友 / 见面 / 创作资料协助 / 媒体,朋友,95,8,8,1,3,李敖秘密书房(8),一起、妈妈、跟我说、节目、刑求、监狱、离婚
曾经写,学术,学术,95,8,7,1,8,李敖秘密书房(8),学者、主义、大学、国民党、朋友、告诉我、母亲、妈妈
通警察,情治警务,情治警务,95,8,8,1,2,李敖秘密书房(8),警察、批评、朋友
邱义仁,政治人物 / 政治异议者 / 公共论战 / 见面,政治人物,95,8,8,1,4,李敖秘密书房(8),民进党、秘书、像、立委、院长、读、国民党
金惟纯,朋友 / 见面,朋友,95,8,7,1,3,李敖秘密书房(8),思想、读、大学、朋友、见、政府、杂志、文星
余光中,学术 / 出版 / 见面 / 通信 / 朋友 / 公共论战 / 学术考证引用,学术,95,7,7,1,5,李敖秘密书房(7),诗、文学、杂志、报纸、朋友、出版、文星、写信
明明知,神交引用,神交引用,95,7,6,1,6,李敖秘密书房(7),诗、见、像、朋友、学生、部长、国民党、政治
都好,司法人员 / 姻亲,司法人员,95,7,6,1,6,李敖秘密书房(7),法官、嫁给、认识、父亲、母亲、家里、见、部长
公权力,见面,见面,95,6,5,1,2,李敖秘密书房(6),见、法院、像、政府、民进党
广播电,媒体 / 亲属,媒体,95,6,6,1,4,李敖秘密书房(6),广播、电视、爸爸、妈妈、访问、问我、报纸、政府
林洋港,司法人员 / 公职人员 / 政治人物 / 诉讼 / 公共论战,司法人员,95,6,6,1,3,李敖秘密书房(6),民进党、总统、见、主席、律师、国民党、选举、所谓
欧巴桑,亲属 / 神交引用,亲属,95,6,6,1,4,李敖秘密书房(6),家里、文学、像、见、太太
欧美所,学术行政 / 监狱行政,学术行政,95,6,6,1,3,李敖秘密书房(6),事务、所长、研究、中央研究院、书里、本院、院长、秘书
福特,政治人物 / 主剧情人物 / 小说剧本人物 / 历史类比引用 / 神交引用,政治人物,95,6,6,1,3,李敖秘密书房(6),总统、像、一起、思想、碰到、古代、主义
连方瑀,公共论战 / 亲属,公共论战,95,6,6,1,3,李敖秘密书房(6),告诉我、像、请他、家里、夫人、警察、保防、太太
常德街,学术 / 师生,学术,95,5,5,1,1,李敖秘密书房(5),台大、朋友、教授、像
李焕,政治人物 / 党务宣传 / 公共论战,政治人物,95,5,5,1,5,李敖秘密书房(5),国民党、警察、院长、作品、告诉我、儿子、秘书、党部
葛玛兰,学术 / 朋友,学术,95,5,5,1,1,李敖秘密书房(5),研究、学者、朋友、告诉我
陈万水,亲属 / 财产债务 / 公共论战,亲属,95,5,5,1,1,李敖秘密书房(5),太太、家里、政治、碰到
陈周淑,亲属,亲属,95,5,5,1,2,李敖秘密书房(5),女儿、太太、院长、结婚、爸爸、儿子、检察官、起诉
鲁宾斯,亲属,亲属,95,5,5,1,1,李敖秘密书房(5),儿子、碰到、太太、见
余纪忠,媒体 / 出版 / 见面 / 朋友 / 诉讼 / 公共论战,媒体,95,4,4,1,4,李敖秘密书房(4),先生、文学、见、巴掌、中将、读、像
林长民,政治人物 / 学术 / 公职人员 / 历史类比引用,政治人物,95,4,4,1,1,李敖秘密书房(4),情书、像、父亲、读、爸爸
陈建忠,亲属,亲属,95,4,4,1,2,李敖秘密书房(4),儿子、女儿、检察官、法院
刘备,政治人物 / 军事人物 / 历史类比引用 / 公共论战,政治人物,94,13,13,1,3,李敖秘密书房(13),像、主义、所谓
张荣发,财产债务 / 创作资料协助 / 公共论战,财产债务,94,7,7,1,4,李敖秘密书房(7),助理、律师、委员
邵尧夫,朋友 / 亲属,朋友,94,6,5,1,1,李敖秘密书房(6),朋友、父亲、告诉我
霍普金,师生,师生,94,5,4,1,1,李敖秘密书房(5),助理、总统、书里、朋友
华西街,财产债务,财产债务,94,4,4,1,2,李敖秘密书房(4),土地、教授、法官、总统
古瑞云,政治异议者 / 被害人 / 证人见证 / 历史类比引用,政治异议者,94,4,4,1,2,李敖秘密书房(4),见、一起、朋友、见到、先生、访问、政治
权东路,姻亲,姻亲,94,4,4,1,1,李敖秘密书房(4),太太、法官
黄宗宏,姻亲 / 司法人员,姻亲,94,4,4,1,1,李敖秘密书房(4),法官、太太
张光锦,同学 / 军事人物 / 朋友 / 见面,同学,94,3,3,1,2,李敖秘密书房(3),朋友、中将、认识、母亲、大学、像
能掌握,神交引用,神交引用,93,9,6,1,9,李敖秘密书房(9),像、总统、读、研究、访问、问我、报导
方式来,政治人物,政治人物,93,7,5,1,7,李敖秘密书房(7),所谓、选举、政府、认识、一起、导演、像、主席
吴伯雄,公职人员 / 政治人物 / 通信 / 公共论战,公职人员,93,6,6,1,4,李敖秘密书房(6),院长、委员、先生
王香禅,见面 / 神交引用,见面,93,6,6,1,1,李敖秘密书房(6),诗、认识、像、朋友、论文、文学
柴米油,亲属,亲属,93,4,4,1,4,李敖秘密书房(4),妈妈、学者、部长、认识、爸爸
荀子,学术 / 诗文出处 / 历史类比引用 / 神交引用,学术,93,3,3,1,2,李敖秘密书房(3),杂志、书里、主义
林正杰,政治人物 / 媒体 / 公共论战 / 通信 / 情感,政治人物,92,5,5,1,2,李敖秘密书房(5),法庭、一起、共产党、像
牛顿,科学家 / 历史类比引用 / 神交引用,科学家,92,3,3,1,2,李敖秘密书房(3),儿子
光绪,政治人物 / 历史类比引用 / 神交引用,政治人物,91,9,9,1,3,李敖秘密书房(9),历史上、所谓、政治、一起
泰戈尔,诗文出处 / 历史类比引用 / 神交引用,诗文出处,91,7,7,1,3,李敖秘密书房(7),诗、文学、告诉我、父亲、大学、像
公司来,政治人物,政治人物,91,5,4,1,4,李敖秘密书房(5),像、总统、电视、报纸、朋友、夫人
马特拉,政治人物,政治人物,91,5,3,1,1,李敖秘密书房(5),选举
张昭雄,政治人物 / 公共论战,政治人物,90,6,6,1,4,李敖秘密书房(6),节目、总统、国民党、民进党、主席
马哥说,政治人物,政治人物,90,6,4,1,3,李敖秘密书房(6),委员、国民党、市长、见、总统
佘法师,主剧情人物 / 小说剧本人物 / 宗教人物 / 见面,主剧情人物,90,5,5,1,3,李敖秘密书房(5),古代、像、认识、哥哥、见、教授、将军、说过
曹诚英,媒体,媒体,90,5,4,1,1,李敖秘密书房(5),节目、一起、朋友
辜振甫,政治人物 / 财产债务 / 财产信托 / 公共论战 / 通信,政治人物,90,5,5,1,5,李敖秘密书房(5),像、爸爸、财产、夫人、诗
平权,师生,师生,90,2,2,1,1,李敖秘密书房(2),老师、朋友、像
徐宗懋,媒体 / 创作资料协助 / 见面 / 诗文出处 / 历史类比引用,媒体,89,96,96,1,2,李敖秘密书房(96),像、宣传、见、政府、所谓、研究、读、主义
徐渊涛,公职人员 / 创作资料协助 / 证人见证 / 见面 / 公共论战,公职人员,89,78,78,1,1,李敖秘密书房(78),共产党、父亲、像、主席、见、大学、朋友、访谈
黄玉娇,政治人物 / 政治异议者 / 公职人员 / 公共论战 / 选举助选 / 见面,政治人物,89,37,37,1,2,李敖秘密书房(37),政治、主席、国民党、像、妈妈、电话、朋友、一起
赖士葆,政治人物 / 学术 / 财产债务 / 见面 / 公共论战,政治人物,89,30,30,1,1,李敖秘密书房(30),政府、像、法院、序、总统、委员、国民党、立委
柏杨,诗文出处 / 政治异议者 / 人权救援 / 公共论战 / 出版,诗文出处,89,28,28,1,6,李敖秘密书房(28),国民党、读、像、所谓、哲学、著作、一起、出版社
刘宜良,媒体 / 出版 / 烈士殉难 / 政治异议者 / 历史类比引用,媒体,89,22,22,1,6,李敖秘密书房(22),母亲、像、研究、写信、朋友、告诉我、妈妈、老师
钱玄同,学术 / 出版 / 神交引用,学术,89,14,14,1,2,李敖秘密书房(14),大学、像、学生、学者、古代、朋友、诗、弟弟
陈仪,政治人物 / 军事人物 / 公共论战 / 历史类比引用 / 神交引用,政治人物,89,14,14,1,3,李敖秘密书房(14),国民党、党部、哥哥、政治、拜访、法庭、秘书、政府
李鸿禧,学术 / 选举助选 / 公共论战,学术,89,12,12,1,4,李敖秘密书房(12),台大、教授、政治、一起、所谓、学生、同学、学者
郑孝胥,政治人物 / 文艺音乐 / 公共论战 / 神交引用,政治人物,89,12,12,1,2,李敖秘密书房(12),诗、政府、一起、爸爸、出版、共产党、书里、思想
黎元洪,政治人物 / 军事人物 / 历史类比引用 / 神交引用,政治人物,89,12,12,1,1,李敖秘密书房(12),总统、一起、将军、司令、军长、师长、政府
张作霖,军事人物 / 政治人物 / 公职人员 / 历史类比引用,军事人物,89,11,11,1,4,李敖秘密书房(11),像、政府、共产党、老师、爸爸、读、管理员、所谓
王晓波,学术 / 政治异议者 / 公共论战,学术,89,11,11,1,2,李敖秘密书房(11),像、思想、政治、论战、主编、杂志、文星、所谓
乾隆,历史类比引用 / 政治人物 / 神交引用,历史类比引用,89,10,10,1,7,李敖秘密书房(10),序、所谓、研究、像、碰到、历史上
李世民,历史类比引用 / 政治人物 / 军事人物 / 神交引用,历史类比引用,89,10,10,1,3,李敖秘密书房(10),陪他、古代、序、所谓、书里、像、将军
胡志强,学术 / 政治人物 / 公共论战,学术,89,10,10,1,2,李敖秘密书房(10),国民党、政治、像、市长、大学、部长、电视、选举
周公,政治人物 / 学术 / 历史类比引用 / 神交引用,政治人物,89,9,9,1,1,李敖秘密书房(9),弟弟、古人、诗、儿子
李政道,科学家 / 学术 / 历史类比引用 / 公共论战,科学家,89,9,9,1,5,李敖秘密书房(9),学生、学术、研究、院长、中央研究院、像、老师、夫人
胡祖望,出版 / 创作资料协助,出版,89,9,9,1,2,李敖秘密书房(9),儿子、家里、诗、姐姐、母亲、结婚、离婚
刘邦,历史类比引用 / 政治人物 / 军事人物 / 神交引用,历史类比引用,89,8,8,1,3,李敖秘密书房(8),政府、见、像、民进党
吴佩孚,军事人物 / 政治人物 / 历史类比引用,军事人物,89,8,8,1,2,李敖秘密书房(8),见、读、宣传、政府、认识、研究、像
段祺瑞,政治人物 / 军事人物 / 公共论战 / 神交引用,政治人物,89,8,8,1,2,李敖秘密书房(8),像、老师、国民党、读、见
董必武,政治人物 / 公共论战 / 历史类比引用 / 神交引用,政治人物,89,8,8,1,1,李敖秘密书房(8),共产党、大学、研究、学术、一起、教授
唐僧,宗教人物 / 历史类比引用 / 虚拟人物 / 神交引用,宗教人物,89,7,7,1,2,李敖秘密书房(7),像、古代、读、节目
富兰克林,政治人物 / 诗文出处 / 历史类比引用 / 神交引用,政治人物,89,7,7,1,3,李敖秘密书房(7),见、家里、认识、电视、读
李镇源,科学家 / 医疗照护 / 学术 / 人权救援 / 公共论战,科学家,89,7,7,1,3,李敖秘密书房(7),国民党、民进党、总统、台独、节目、选举、所谓
杨振宁,科学家 / 历史类比引用 / 神交引用,科学家,89,7,7,1,5,李敖秘密书房(7),学生、研究、院长、学术、中央研究院、像、老师、博士
苏轼,诗文出处 / 学术 / 历史类比引用 / 神交引用,诗文出处,89,7,7,1,2,李敖秘密书房(7),诗、朋友、一起
周作人,学术 / 诗文出处 / 师生 / 历史类比引用 / 神交引用,学术,89,6,6,1,2,李敖秘密书房(6),弟弟、像、哥哥、学生、政治、杂志、思想、主义
戈尔巴乔夫,政治人物 / 公共论战 / 历史类比引用,政治人物,89,6,6,1,2,李敖秘密书房(6),朋友、家里、所谓、读、见、警察
许历农,军事人物 / 党务宣传 / 政治人物 / 见面 / 公共论战,军事人物,89,6,6,1,3,李敖秘密书房(6),朋友、国民党、像、财产、选举
邵玉铭,出版管制 / 媒体 / 公职人员 / 政治人物 / 公共论战,出版管制,89,6,6,1,2,李敖秘密书房(6),电视、选举、导演、国民党、政治、朋友、借钱
孙武,军事人物 / 历史类比引用 / 神交引用,军事人物,89,5,5,1,1,李敖秘密书房(5),论文、学术、古代、老师、书里、学者、史学
孙膑,军事人物 / 历史类比引用 / 神交引用,军事人物,89,5,5,1,1,李敖秘密书房(5),论文、学术、书里、古代、学者、史学
居里夫人,科学家 / 神交引用,科学家,89,5,5,1,2,李敖秘密书房(5),夫人、像、律师
张奚若,学术 / 创作资料协助 / 历史类比引用,学术,89,5,5,1,1,李敖秘密书房(5),朋友、儿子、思想、见、所谓、共产党、老师、一起
方豪,师生 / 学术 / 宗教人物 / 通信 / 创作资料协助,师生,89,5,5,1,3,李敖秘密书房(5),老师、研究、博士、台大、国民党、查禁、见、一起
江青,政治人物 / 公共论战 / 历史类比引用 / 神交引用,政治人物,89,5,5,1,2,李敖秘密书房(5),太太、认识、嫁给
王令麟,媒体 / 公共论战,媒体,89,5,5,1,4,李敖秘密书房(5),像、儿子、法院、法庭、财产
蒋芸,文艺音乐 / 创作资料协助 / 公共论战,文艺音乐,89,5,5,1,2,李敖秘密书房(5),母亲、朋友、妈妈、告诉我、认识、杂志
魏建功,学术 / 诗文出处 / 历史类比引用,学术,89,5,5,1,1,李敖秘密书房(5),父亲、同班、爸爸、诗、学生、师生
黄大洲,公职人员 / 政治人物 / 公共论战,公职人员,89,5,5,1,5,李敖秘密书房(5),市长、选举、所谓、碰到、政治、见、经费
张立纲,学术 / 同学,学术,89,4,4,1,1,李敖秘密书房(4),弟弟、姐姐、研究、中央研究院、哥哥、结婚
胡林翼,政治人物 / 军事人物 / 学术 / 神交引用,政治人物,89,3,3,1,1,李敖秘密书房(3),将军、历史上、像
胡颂平,学术 / 学术行政 / 出版 / 公共论战,学术,89,3,3,1,2,李敖秘密书房(3),秘书、先生、朋友、见、研究、中央研究院、院长
桑塔亚纳,诗文出处 / 学术 / 历史类比引用 / 神交引用,诗文出处,88,5,5,1,3,李敖秘密书房(5),哲学、像、文学、大学、出版、教授、著作
许国泰,政治人物 / 政治异议者 / 出版 / 人权救援 / 社会案件 / 通信 / 公共论战,政治人物,88,5,5,1,1,李敖秘密书房(5),弟弟、委员、政治、到我家、家里
国承认,政治人物,政治人物,88,4,4,1,3,李敖秘密书房(4),总统、政府、像、政治
张德铭,政治人物 / 政治异议者 / 选举助选 / 公共论战,政治人物,88,4,4,1,2,李敖秘密书房(4),弟弟、委员、朋友、律师
相关性,神交引用,神交引用,88,4,4,1,2,李敖秘密书房(4),像、书里、学生、所谓
许广平,情感 / 诗文出处 / 历史类比引用 / 神交引用,情感,88,4,4,1,1,李敖秘密书房(4),太太、师生、结婚、学生、恋爱、儿子、研究、共产党
哈定,政治人物 / 历史类比引用 / 神交引用,政治人物,88,3,3,1,2,李敖秘密书房(3),总统
王国璎,学术 / 通信 / 公共论战,学术,88,3,3,1,1,李敖秘密书房(3),教授、大学、文学、台大
萧同兹,出版 / 出版管制 / 政治人物 / 历史类比引用,出版,88,3,3,1,3,李敖秘密书房(3),爸爸、文星、先生、序、部长、国民党、批评、财产
蒋光超,媒体 / 证人见证 / 诉讼 / 见面,媒体,88,3,3,1,1,李敖秘密书房(3),法官、法院、认识
关公,军事人物 / 宗教人物 / 历史类比引用 / 公共论战,军事人物,87,8,8,1,5,李敖秘密书房(8),朋友、见、作品、节目、所谓、像
陈定南,政治人物 / 公职人员 / 公共论战,政治人物,87,5,5,1,3,李敖秘密书房(5),节目、电视、国民党、台独、采访、法官、像、先生
陈立夫,政治人物 / 党务宣传 / 出版 / 公职人员 / 选举助选 / 出版管制 / 公共论战 / 历史类比引用,政治人物,87,4,4,1,2,李敖秘密书房(4),国民党、党部、批评、哥哥、政治、秘书、选举、到我家
叶腾瑞,司法人员,司法人员,87,2,2,1,1,李敖秘密书房(2),法官、检察官、像
白贼七,媒体,媒体,87,2,2,1,1,李敖秘密书房(2),朋友、节目、委员
马克·吐温,诗文出处 / 历史类比引用 / 神交引用,诗文出处,86,9,9,1,4,李敖秘密书房(9),文学、像、还钱、请他、电话
朱元璋,政治人物 / 军事人物 / 历史类比引用 / 神交引用,政治人物,86,8,8,1,5,李敖秘密书房(8),像、一起、家里、将军
张自忠,军事人物 / 烈士殉难 / 历史类比引用,军事人物,86,6,6,1,1,李敖秘密书房(6),将军、见、像、思想
马科斯,政治人物 / 公共论战,政治人物,86,6,6,1,2,李敖秘密书房(6),政府、报纸、市长、查禁、总统、财产、像
熊十力,学术 / 神交引用,学术,86,5,5,1,2,李敖秘密书房(5),大学、教授、研究、共产党
阎锡山,军事人物 / 政治人物 / 历史类比引用,军事人物,86,5,5,1,3,李敖秘密书房(5),认识、一起、爸爸、批评、主义、像
卜少夫,政治人物 / 公共论战 / 见面,政治人物,86,4,4,1,1,李敖秘密书房(4),特务、国民党、出版社、出版、见、朋友、批评、所谓
庄士敦,诗文出处 / 学术 / 历史类比引用 / 神交引用,诗文出处,86,4,4,1,1,李敖秘密书房(4),认识、老师、交情、一起、朋友、政府
那李远,神交引用,神交引用,86,4,4,1,2,李敖秘密书房(4),爸爸、法院、总统、选举、民进党、像、主义、读
黄文壹,亲属,亲属,86,3,3,1,2,李敖秘密书房(3),父亲、太太、岳母、院长、儿子、女儿、秘书、土地
洪秀全,政治人物 / 宗教人物 / 神交引用,政治人物,85,6,6,1,2,李敖秘密书房(6),像、弟弟、所谓、研究、儿子
大禹,政治人物 / 历史类比引用 / 神交引用,政治人物,85,5,5,1,1,李敖秘密书房(5),学者、研究、告诉我
周玉蔻,媒体 / 见面 / 公共论战,媒体,85,4,4,1,3,李敖秘密书房(4),像、节目、电视、政府、查禁
施启扬,司法人员 / 政治人物 / 同学 / 通信 / 公共论战,司法人员,85,4,4,1,2,李敖秘密书房(4),同学、国民党、院长、法院、像、杂志、政府、查禁
那种像,神交引用,神交引用,85,4,4,1,4,李敖秘密书房(4),像、老师、研究
蒋百里,军事人物 / 诗文出处 / 历史类比引用,军事人物,85,3,3,1,2,李敖秘密书房(3),认识、国民党、批评、将军
钱思亮,学术 / 学术行政 / 公共论战,学术,85,3,3,1,1,李敖秘密书房(3),请我、爸爸、家里、大学、国民党、见、见面、学生
格林,诗文出处 / 历史类比引用 / 神交引用,诗文出处,84,8,8,1,1,李敖秘密书房(8),像、母亲、文学、所谓
张惠妹,文艺音乐 / 媒体 / 公共论战,文艺音乐,84,7,7,1,4,李敖秘密书房(7),朋友、博士、诗、教授、像
张飞,军事人物 / 历史类比引用 / 公共论战,军事人物,84,7,7,1,4,李敖秘密书房(7),老师、像、委员
沈葆桢,政治人物 / 军事人物 / 历史类比引用 / 神交引用,政治人物,84,7,7,1,1,李敖秘密书房(7),政府、大学、像
严复,学术 / 神交引用,学术,84,4,4,1,2,李敖秘密书房(4),夫人、总统、像、诗
于右任,政治人物 / 公职人员 / 选举助选 / 公共论战 / 历史类比引用,政治人物,84,4,4,1,4,李敖秘密书房(4),家里、院长、国民党、认识、一起、像、古代、儿子
巴顿,军事人物 / 神交引用,军事人物,84,4,4,1,2,李敖秘密书房(4),将军、像、研究、古人
赖东明,媒体 / 见面,媒体,84,4,4,1,1,李敖秘密书房(4),同学
陈耀昌,医疗照护 / 学术 / 政治人物,医疗照护,84,4,4,1,2,李敖秘密书房(4),台大、大学、文学、民进党
王清峰,律师代理 / 人权救援 / 公共论战,律师代理,84,3,3,1,2,李敖秘密书房(3),民进党、见、拜访、问我、律师、市长
麦克阿瑟,军事人物 / 公职人员 / 历史类比引用,军事人物,84,3,3,1,2,李敖秘密书房(3),将军、夫人、国民党
黄主文,政治人物 / 公共论战,政治人物,84,3,3,1,2,李敖秘密书房(3),部长、政府、国民党、报纸
王叔岷,学术 / 公共论战,学术,84,2,2,1,2,李敖秘密书房(2),教授、太太、学者、像
简芳达,媒体 / 文艺音乐 / 公共论战 / 神交引用,媒体,83,4,4,1,1,李敖秘密书房(4),总统、政治
黄华成,出版 / 见面,出版,83,4,4,1,1,李敖秘密书房(4),认识、离婚、打电话、电话、问我、节目、电视
师胡适,师生,师生,83,3,3,1,3,李敖秘密书房(3),老师、学生、父亲、大学、思想、文学、历史上
李逸洋,政治人物 / 媒体 / 出版 / 公共论战 / 通信,政治人物,83,3,3,1,2,李敖秘密书房(3),电视、读、碰到、市长、节目、国民党、台独
苏贞昌,政治人物 / 公职人员 / 公共论战,政治人物,83,3,3,1,3,李敖秘密书房(3),律师、像、哥哥、所谓、辩护
陈寄禅,亲属,待复核,82,6,3,1,1,李敖秘密书房(6),爸爸、妹妹、结婚、一起
通吃,律师代理,律师代理,82,5,3,1,3,李敖秘密书房(5),政治、律师、见、爸爸、刑警、国民党
徐展堂,见面,见面,82,4,3,1,2,李敖秘密书房(4),请我、先生、像
曾国藩,历史类比引用 / 政治人物 / 军事人物 / 神交引用,历史类比引用,82,4,4,1,3,李敖秘密书房(4),将军、历史上、像、古人
张文件,党务宣传,党务宣传,82,3,3,1,2,李敖秘密书房(3),主席、国民党、共产党、宣传、学生、父亲、爸爸、大学
杨博光,亲属,亲属,82,3,3,1,1,李敖秘密书房(3),父亲、秘书、拜访
王荣文,出版 / 通信 / 朋友 / 创作资料协助,出版,82,3,3,1,1,李敖秘密书房(3),朋友
胡适做,姻亲,姻亲,82,3,3,1,2,李敖秘密书房(3),关怀、结婚、学者、学术、大学、发行
林则徐,历史类比引用 / 政治人物 / 学术 / 神交引用,历史类比引用,81,7,7,1,3,李敖秘密书房(7),朋友、节目、政府
许水德,政治人物 / 公共论战 / 见面,政治人物,81,7,7,1,4,李敖秘密书房(7),像、见、朋友、院长
王金平,政治人物 / 朋友 / 见面 / 通信 / 财产债务,政治人物,81,4,4,1,4,李敖秘密书房(4),国民党、像、党部
那样讲,师生,师生,81,4,3,1,4,李敖秘密书房(4),学生、教授、大学、哲学、像、问我、妈妈
别平等,政治人物,政治人物,81,3,2,1,1,李敖秘密书房(3),委员、一起、政府、像
康奈尔,亲属,亲属,81,3,3,1,2,李敖秘密书房(3),大学、找我、父亲、秘书、党部、到我家、家里、夫人
张瑞珂,见面,见面,81,3,3,1,1,李敖秘密书房(3),大学、先生
聂华苓,出版 / 媒体 / 政治异议者 / 创作资料协助 / 历史类比引用,出版,81,3,3,1,3,李敖秘密书房(3),像、编辑、杂志、妈妈、出版
郭沫若,学术 / 出版 / 政治人物 / 公共论战 / 神交引用,学术,81,3,3,1,2,李敖秘密书房(3),研究、中央研究院、报纸、像
王五,江湖人物 / 烈士殉难 / 历史类比引用 / 神交引用,江湖人物,80,9,9,1,3,李敖秘密书房(9),书里
王梵志,诗文出处 / 历史类比引用 / 神交引用,诗文出处,80,8,8,1,1,李敖秘密书房(8),诗、古代、像
云南,军事人物,军事人物,80,4,3,1,3,李敖秘密书房(4),将军、学生、大学、共产党
俞国华,政治人物 / 公共论战,政治人物,80,4,4,1,4,李敖秘密书房(4),像、代理、主席、见、院长、国民党
叶城松,政治异议者 / 被害人 / 诉讼 / 历史类比引用 / 公共论战,政治异议者,80,4,4,1,1,李敖秘密书房(4),认识、判决、书里
武大郎,虚拟人物 / 小说剧本人物 / 历史类比引用,虚拟人物,80,4,4,1,1,李敖秘密书房(4),读、像
白景瑞,文艺音乐 / 媒体 / 创作资料协助 / 证人见证 / 公共论战,文艺音乐,80,4,4,1,2,李敖秘密书房(4),见、像、导演、太太
徐高阮,学术 / 党务宣传 / 公共论战 / 左派转向,学术,80,3,3,1,1,李敖秘密书房(3),研究、中央研究院、出版、杂志、书店、文星、调查局、特务
邓维桢,媒体 / 政治异议者 / 公共论战 / 见面 / 通信,媒体,80,3,3,1,3,李敖秘密书房(3),朋友、见、先生、见面、选举
陶希圣,政治人物 / 学术 / 诗文出处 / 公共论战 / 见面 / 历史类比引用,政治人物,80,3,3,1,1,李敖秘密书房(3),写信、老师、同学、编辑、事务、国民党
黄文雄,师生,师生,80,3,2,1,1,李敖秘密书房(3),教授、先生、思想
党所谓,政治人物,政治人物,80,2,2,1,2,李敖秘密书房(2),总统、所谓、认识、朋友、大学
高宗教,政治人物,政治人物,80,2,2,1,1,李敖秘密书房(2),委员
苏志诚,政治人物 / 公职人员 / 创作资料协助 / 公共论战,政治人物,79,7,7,1,5,李敖秘密书房(7),像、共产党、一起
张温鹰,政治人物 / 党务宣传 / 公共论战,政治人物,79,5,5,1,1,李敖秘密书房(5),市长
朱镕基,政治人物 / 公职人员 / 公共论战,政治人物,79,5,5,1,3,李敖秘密书房(5),一起
范巽绿,政治人物 / 公共论战,政治人物,79,4,4,1,1,李敖秘密书房(4),委员、认识
郑龙水,政治人物 / 公共论战,政治人物,79,4,4,1,2,李敖秘密书房(4),记者、爸爸、民进党
於梨华,出版 / 学术 / 公共论战 / 诉讼,出版,79,3,3,1,2,李敖秘密书房(3),碰到、出版、像
闻天地,情治警务,情治警务,79,3,3,1,1,李敖秘密书房(3),上校、警备总部、特务、国民党
妈祖,宗教人物 / 神交引用,宗教人物,78,11,11,1,2,李敖秘密书房(11),像、来信
莫纪彭,主剧情人物 / 小说剧本人物 / 政治人物 / 政治异议者 / 历史类比引用,主剧情人物,78,8,8,1,1,李敖秘密书房(8),国民党、传记、文学、见
那李登,公共论战,待复核,78,8,3,1,6,李敖秘密书房(8),父亲、学者、主席、政治、国民党
汉武帝,历史类比引用 / 政治人物 / 神交引用,历史类比引用,78,7,7,1,4,李敖秘密书房(7),像、古人、来信、国民党、所谓
西施,历史类比引用 / 情感 / 神交引用,历史类比引用,78,7,7,1,2,李敖秘密书房(7),像、妹妹、文学
宋七力,宗教人物 / 社会案件 / 财产债务 / 公共论战,宗教人物,78,5,5,1,2,李敖秘密书房(5),政治、律师
范成大,诗文出处 / 政治人物 / 历史类比引用 / 神交引用,诗文出处,78,4,4,1,3,李敖秘密书房(4),诗、问我、一起、古代、像
证严法师,宗教人物 / 人权救援 / 公共论战,宗教人物,78,4,4,1,3,李敖秘密书房(4),作品、历史上、政府、学生
夏娃,宗教人物 / 历史类比引用 / 神交引用,宗教人物,78,3,3,1,2,李敖秘密书房(3),古代、教授
明人,媒体,媒体,78,3,3,1,2,李敖秘密书房(3),像、节目、电视、同学、院长、法院
莫里哀,诗文出处 / 历史类比引用 / 神交引用,诗文出处,78,3,3,1,1,李敖秘密书房(3),出版、著作、书里、出版社、女士
郑芝龙,军事人物 / 政治人物 / 历史类比引用 / 神交引用,军事人物,78,3,3,1,1,李敖秘密书房(3),爸爸、政府、妈妈
三毛,文艺音乐 / 出版 / 见面 / 公共论战,文艺音乐,77,5,5,1,1,李敖秘密书房(5),国民党、共产党、像
申告,神交引用,神交引用,77,3,3,1,2,李敖秘密书房(3),像、历史上、总统、一起、教授
陈大革,见面 / 朋友 / 创作资料协助 / 亲属,见面,77,3,3,1,1,李敖秘密书房(3),爸爸、妹妹、结婚
别人写,神交引用,神交引用,76,3,3,1,3,李敖秘密书房(3),著作、同学、总统、书里
庄因,同学 / 朋友 / 见面 / 通信,同学,76,3,3,1,1,李敖秘密书房(3),朋友、见、见面、问我、教书、儿子、夫人、文学
徐复观,学术 / 出版 / 诉讼 / 公共论战,学术,76,3,3,1,3,李敖秘密书房(3),发行、杂志、报纸、见、写信、同学、朋友、儿子
李金龙,政治人物 / 亲属 / 公共论战,政治人物,76,3,3,1,2,李敖秘密书房(3),见、儿子、书里、爸爸、刑警、警察、政治、见面
李鼎彝,亲属 / 学术 / 诗文出处,亲属,76,3,3,1,2,李敖秘密书房(3),父亲、学生、大学、主席、政府、司令
潘金莲,虚拟人物 / 小说剧本人物 / 历史类比引用,虚拟人物,76,3,3,1,1,李敖秘密书房(3),读、像
王尚勤,情感 / 亲属 / 朋友 / 见面 / 通信 / 公共论战 / 创作资料协助,情感,76,3,3,1,1,李敖秘密书房(3),妹妹
魏景蒙,媒体 / 公职人员 / 历史类比引用,媒体,76,3,3,1,1,李敖秘密书房(3),电视、广播
台静农,学术 / 出版 / 见面 / 公共论战,学术,76,2,2,1,1,李敖秘密书房(2),学生、研究、学术、台大、先生、老师
墨子,学术 / 历史类比引用 / 神交引用,学术,76,2,2,1,1,李敖秘密书房(2),古代、哲学
李白,诗文出处 / 历史类比引用 / 神交引用,诗文出处,76,2,2,1,2,李敖秘密书房(2),作品、诗、文学、太太
王镇辉,公共论战 / 政治异议者 / 见面,公共论战,76,2,2,1,1,李敖秘密书房(2),编辑、发行、总编辑、委员、部长、民进党
玛丽莲·梦露,媒体 / 神交引用,媒体,75,6,6,1,2,李敖秘密书房(6),记者、嫁给
邓育昆,媒体 / 见面 / 朋友,媒体,75,5,5,1,1,李敖秘密书房(5),读、著作、打电话、电话、朋友、告诉我
马连良,文艺音乐,文艺音乐,75,5,5,1,2,李敖秘密书房(5),校对、朋友、传记、文学、碰到、教授、同学、像
潘恩,出版 / 政治异议者 / 历史类比引用 / 神交引用,出版,75,4,4,1,1,李敖秘密书房(4),宣传、见
丁文江,学术 / 学术行政 / 诗文出处 / 历史类比引用 / 神交引用,学术,75,3,3,1,1,李敖秘密书房(3),朋友、学者、写信、学生
严家淦,政治人物 / 公职人员 / 公共论战 / 历史类比引用,政治人物,75,3,3,1,2,李敖秘密书房(3),总统、儿子
傅乐成,学术 / 诗文出处 / 历史类比引用 / 神交引用,学术,75,3,3,1,1,李敖秘密书房(3),家里、太太、见
华兹华斯,诗文出处 / 历史类比引用 / 神交引用,诗文出处,75,3,3,1,2,李敖秘密书房(3),诗、哥哥、姐姐、像、宣传
周荃,通信 / 创作资料协助,通信,75,3,3,1,2,李敖秘密书房(3),节目、电视、一起
杨祖珺,政治人物 / 媒体 / 公共论战 / 亲属 / 情感,政治人物,75,3,3,1,1,李敖秘密书房(3),一起、像、历史上、问我
王家桢,政治人物 / 公职人员 / 诗文出处 / 亲属 / 见面 / 历史类比引用,政治人物,75,2,2,1,1,李敖秘密书房(2),家里、将军、司令、先生、父亲
达赖喇嘛,宗教人物 / 政治人物 / 公共论战 / 人权救援,宗教人物,74,16,16,1,3,李敖秘密书房(16),主义
孙英善,同学 / 朋友 / 见面 / 诗文出处 / 医疗照护 / 公共论战,同学,74,3,3,1,2,李敖秘密书房(3),朋友、同学、研究、中央研究院、所长、像、一起、同房
明神宗,政治人物 / 神交引用,政治人物,74,3,3,1,2,李敖秘密书房(3),研究、像、见
殷允芃,媒体 / 出版 / 见面,媒体,74,3,3,1,1,李敖秘密书房(3),杂志、节目、父亲、大学
胡家伦,同学 / 朋友 / 见面 / 学术,同学,74,3,3,1,1,李敖秘密书房(3),大学、同学、文学、学者
陈唐山,政治人物 / 公职人员 / 公共论战,政治人物,74,3,3,1,3,李敖秘密书房(3),像、县长、部长、国民党、民进党、市长、台独
张煦华,学术 / 见面 / 公共论战,学术,74,2,2,1,1,李敖秘密书房(2),认识、请我、教授、节目、电视、先生
张群同,师生,师生,74,2,2,1,1,李敖秘密书房(2),学生、同学、同班、传记
托尔斯泰,神交引用,神交引用,74,2,2,1,2,李敖秘密书房(2),文学、像
李复甸,律师代理 / 学术 / 诉讼 / 公共论战,律师代理,74,2,2,1,1,李敖秘密书房(2),律师、见、法官、法庭
陈正澄,同学 / 学术 / 见面,同学,74,2,2,1,1,李敖秘密书房(2),发行、台大、老师、大学、院长、文学
韩非,学术 / 诗文出处 / 历史类比引用 / 神交引用,学术,74,2,2,1,1,李敖秘密书房(2),古代
黑格尔,学术 / 神交引用,学术,74,2,2,1,2,李敖秘密书房(2),哲学、像
白先勇,诗文出处 / 出版 / 历史类比引用 / 神交引用 / 公共论战,诗文出处,73,5,5,1,4,李敖秘密书房(5),像、跟我说、读
王尔德,诗文出处 / 历史类比引用 / 神交引用,诗文出处,73,4,4,1,4,李敖秘密书房(4),文学、像、诗、所谓
克林顿,政治人物 / 公职人员 / 公共论战 / 历史类比引用,政治人物,73,3,3,1,3,李敖秘密书房(3),总统、电视
周之鸣,朋友 / 见面 / 出版 / 公共论战 / 文艺音乐 / 诗文出处 / 历史类比引用,朋友,73,3,3,1,1,李敖秘密书房(3),朋友、寄给、家里、法院、国民党
李宁,媒体 / 出版 / 见面,媒体,73,3,3,1,2,李敖秘密书房(3),朋友、访问、问我、出版
林丰正,公职人员 / 政治人物 / 公共论战,公职人员,73,3,3,1,1,李敖秘密书房(3),对我说、朋友
陈婉真,政治人物 / 政治异议者 / 人权救援 / 诉讼,政治人物,73,3,3,1,1,李敖秘密书房(3),民进党、立委、秘书、国民党
陈左弧,同案狱友 / 政治异议者 / 通信 / 创作资料协助,同案狱友,73,3,3,1,1,李敖秘密书房(3),参谋、国民党、政治、大学、朋友、见
应邀访,见面,见面,73,2,2,1,1,李敖秘密书房(2),访问、晤、政府、政治
帕瓦罗蒂,文艺音乐 / 神交引用,文艺音乐,72,8,8,1,2,李敖秘密书房(8),像
亚当,宗教人物 / 历史类比引用 / 神交引用,宗教人物,72,5,5,1,2,李敖秘密书房(5),诗、教授
贞德,政治异议者 / 军事人物 / 宗教人物 / 历史类比引用 / 神交引用,政治异议者,72,5,5,1,3,李敖秘密书房(5),像、文学
弗洛伊德,学术 / 神交引用,学术,72,4,4,1,4,李敖秘密书房(4),母亲、娶、哲学
爱丽丝,虚拟人物 / 神交引用,虚拟人物,72,4,4,1,3,李敖秘密书房(4),像、写信、朋友、说过
谢安,政治人物 / 神交引用,政治人物,72,4,4,1,1,李敖秘密书房(4),朋友
孙运璿,政治人物 / 公职人员 / 公共论战 / 通信 / 历史类比引用,政治人物,72,3,3,1,2,李敖秘密书房(3),院长、像
瞿海源,学术 / 学术行政 / 公共论战,学术,72,3,3,1,2,李敖秘密书房(3),像、政府、研究、中央研究院、院长
贾宝玉,虚拟人物 / 小说剧本人物 / 历史类比引用,虚拟人物,72,3,3,1,2,李敖秘密书房(3),女儿、政治、古人
钱复,政治人物 / 学术 / 公共论战,政治人物,72,3,3,1,2,李敖秘密书房(3),请我、学生、爸爸、家里、大学、国民党、认识、姐姐
陈晓林,媒体 / 创作资料协助 / 证人见证 / 公共论战,媒体,72,3,3,1,2,李敖秘密书房(3),朋友、文学、所谓、国民党
于媒体,师生,师生,72,2,2,1,2,李敖秘密书房(2),见、教授、朋友、报纸、电视、记者、报导
党做,见面,见面,72,2,2,1,1,李敖秘密书房(2),见、部长、国民党
党党产,政治人物,政治人物,72,2,2,1,2,李敖秘密书房(2),国民党、总统、党部、所谓
冷气机,政治人物,政治人物,72,2,2,1,1,李敖秘密书房(2),选举、国民党、政治、像
别人帮,媒体,媒体,72,2,2,1,2,李敖秘密书房(2),记者、像、总统、政治
常看到,媒体,媒体,72,2,2,1,2,李敖秘密书房(2),电视、主义、见、见面、教授、政治、批评、像
时刺激,政治人物,政治人物,72,2,2,1,1,李敖秘密书房(2),政府、批评
汪道涵,政治人物 / 公职人员 / 公共论战,政治人物,72,2,2,1,1,李敖秘密书房(2),认识
连战做,政治人物,政治人物,72,2,2,1,2,李敖秘密书房(2),总统、部长、太太
彭婉如,被害人 / 人权救援 / 社会案件 / 公共论战,被害人,71,3,3,1,1,李敖秘密书房(3),民进党、认识、像
蒋纬国,军事人物 / 政治人物 / 亲属 / 诉讼 / 财产债务 / 公共论战 / 历史类比引用,军事人物,71,3,3,1,2,李敖秘密书房(3),像、政府
顾维钧,政治人物 / 公职人员 / 历史类比引用,政治人物,71,3,3,1,3,李敖秘密书房(3),政治、大学、政府、像
姚嘉文,政治人物 / 政治异议者 / 公共论战,政治人物,71,2,2,1,1,李敖秘密书房(2),主席、律师、见
师长,军事人物 / 见面 / 称谓待考,军事人物,71,2,2,1,2,李敖秘密书房(2),军长、师长、将军、少将、司令
常谢谢,师生,师生,71,2,2,1,2,李敖秘密书房(2),教授、家里、告诉我
李子卓,姻亲 / 政治人物,姻亲,71,2,2,1,1,李敖秘密书房(2),妈妈、妹妹、结婚、国民党、爸爸
都像李,公共论战,公共论战,71,2,2,1,2,李敖秘密书房(2),政治、像、教授、主席
林青霞,媒体 / 见面,媒体,70,6,6,1,3,李敖秘密书房(6),妹妹
墨索里尼,政治人物 / 公共论战 / 历史类比引用,政治人物,70,4,4,1,2,李敖秘密书房(4),一起、结婚、像
左舜生,政治人物 / 诗文出处 / 党务宣传 / 公共论战 / 历史类比引用,政治人物,70,3,3,1,2,李敖秘密书房(3),杂志、书店、文星、认识、国民党、批评、所谓、像
沈富雄,政治人物 / 公共论战,政治人物,70,3,3,1,3,李敖秘密书房(3),像、政治、市长、选举
王昇,军事人物 / 党务宣传 / 公共论战 / 历史类比引用,军事人物,70,3,3,1,3,李敖秘密书房(3),调查局、研究、学术、中央研究院、政治
章孝严,政治人物 / 公共论战,政治人物,70,3,3,1,2,李敖秘密书房(3),像、国民党、太太
范蠡,政治人物 / 神交引用,政治人物,70,3,3,1,1,李敖秘密书房(3),政治、朋友、古代、所谓
阿Q,虚拟人物 / 小说剧本人物 / 历史类比引用,虚拟人物,70,3,3,1,2,李敖秘密书房(3),作品
孙储琳,学术,学术,70,2,2,1,1,李敖秘密书房(2),女士、研究、大学、像
沈刚伯,学术 / 学术行政 / 公共论战 / 社会案件,学术,70,2,2,1,2,李敖秘密书房(2),像、老师、研究、台大、院长、文学
简汉生,朋友,朋友,70,2,2,1,1,李敖秘密书房(2),朋友、先生
陈平说,监狱行政,监狱行政,70,2,2,1,1,李敖秘密书房(2),问我、院长、司法行政部、法务部、部长
吴克泰,政治人物 / 公共论战,政治人物,69,5,5,1,1,李敖秘密书房(5),找我
王羽,媒体 / 公共论战,媒体,69,5,5,1,2,李敖秘密书房(5),一起、警察、像
尹清枫,军事人物 / 被害人 / 公款经费 / 公共论战,军事人物,69,3,3,1,1,李敖秘密书房(3),立委、委员
李国瑾,情治警务 / 军事人物 / 出版管制 / 公共论战,情治警务,69,3,3,1,1,李敖秘密书房(3),像、警备总部、查禁、司令、国民党
丁树兰,司法人员,司法人员,69,2,2,1,1,李敖秘密书房(2),检察官、起诉、问我、委员、读、法官、法院
须要跟,神交引用,神交引用,69,2,2,1,2,李敖秘密书房(2),作品、教授、朋友
卓别林,文艺音乐 / 神交引用,文艺音乐,68,8,8,1,2,李敖秘密书房(8),像
杜牧,诗文出处 / 历史类比引用 / 神交引用,诗文出处,68,4,4,1,2,李敖秘密书房(4),政治
凤梨宴,司法人员,司法人员,68,3,2,1,1,李敖秘密书房(3),法官、太太
司法体,司法人员,司法人员,68,3,2,1,2,李敖秘密书房(3),法官、法院、国民党、书里、检察官、政治
成样子,政治人物,政治人物,68,3,2,1,3,李敖秘密书房(3),法院、委员、部长、太太
文彦博,政治人物 / 文艺音乐 / 历史类比引用 / 神交引用,政治人物,68,3,3,1,2,李敖秘密书房(3),见
虞舜,历史类比引用 / 政治人物 / 神交引用,历史类比引用,68,3,3,1,1,李敖秘密书房(3),告诉我、研究、学者
陈之藩,学术 / 诗文出处 / 通信 / 朋友 / 公共论战 / 出版,学术,68,3,3,1,1,李敖秘密书房(3),朋友、情书
麻雀,亲属,亲属,68,3,2,1,1,李敖秘密书房(3),认识、家里、关怀、像
公开用,媒体,媒体,68,2,2,1,2,李敖秘密书房(2),问我、节目、电视、教授、大学
周亚夫,亲属,亲属,68,2,2,1,1,李敖秘密书房(2),家里、思想、古代
宋庆龄,政治人物 / 历史类比引用 / 神交引用,政治人物,68,2,2,1,1,李敖秘密书房(2),结婚
张兰熙,出版 / 见面,出版,68,2,2,1,2,李敖秘密书房(2),妈妈、朋友、作品、像
徐旭东,媒体,媒体,68,2,2,1,1,李敖秘密书房(2),像、节目、先生、老师、学生
成人监,监狱行政,监狱行政,68,2,2,1,1,李敖秘密书房(2),监狱、一起、像
明明根,学术行政,学术行政,68,2,2,1,2,李敖秘密书房(2),研究、中央研究院、院长、总统
沈登恩,出版 / 创作资料协助 / 公共论战,出版,68,2,2,1,1,李敖秘密书房(2),出版社、出版、朋友、特务、国民党、批评、请我、博士
米芾,文艺音乐 / 学术 / 历史类比引用 / 神交引用,文艺音乐,68,2,2,1,1,李敖秘密书房(2),教授、研究、所长
胡素斐,亲属,亲属,68,2,2,1,1,李敖秘密书房(2),儿子、朋友
计主任,监狱行政,监狱行政,68,2,2,1,1,李敖秘密书房(2),研究、所长
连战先,师生,师生,68,2,2,1,2,李敖秘密书房(2),老师、总统、选举、政治、批评
那家长,司法人员,司法人员,68,2,2,1,1,李敖秘密书房(2),找我、序、法官、事务、律师
都没办,师生,师生,68,2,2,1,2,李敖秘密书房(2),教授、父亲
阿登纳,政治人物 / 公职人员 / 历史类比引用 / 神交引用,政治人物,68,2,2,1,1,李敖秘密书房(2),晤、致函、总统、政府、记者、记者招待会
陈奇禄,学术 / 学术行政 / 公职人员 / 诗文出处 / 公共论战,学术,68,2,2,1,1,李敖秘密书房(2),教授、台大、委员、国民党、古人、出版
韩国,通信,通信,68,2,2,1,2,李敖秘密书房(2),打电话、电话、陪他、将军
鲍国方,师生,师生,68,2,2,1,1,李敖秘密书房(2),教授、像
齐世英,政治人物 / 政治异议者 / 出版 / 创作资料协助 / 证人见证 / 见面,政治人物,68,2,2,1,1,李敖秘密书房(2),老师、朋友、父亲、先生、国民党
廖福本,政治人物 / 公共论战,政治人物,67,3,3,1,1,李敖秘密书房(3),国民党、像、选举
杨照所,神交引用,神交引用,67,3,2,1,2,李敖秘密书房(3),所谓、思想
海耶克,学术 / 公共论战 / 神交引用,学术,67,3,3,1,1,李敖秘密书房(3),像、主义、政府
能去,媒体,媒体,67,3,2,1,1,李敖秘密书房(3),报导、哲学、教授
家报纸,出版,出版,67,2,2,1,2,李敖秘密书房(2),报纸、告诉我、电视、广播、宣传、像
王菲,见面,见面,67,2,2,1,1,李敖秘密书房(2),见、政治、文学、老师、父亲、大学
班飞机,政治人物,政治人物,67,2,2,1,2,李敖秘密书房(2),跟我说、主席、女儿
相关,见面,见面,67,2,2,1,1,李敖秘密书房(2),碰到、委员、政府
赖劲麟,亲属,亲属,67,2,2,1,1,李敖秘密书房(2),找他、父亲、国民党、法院、委员、民进党
那么许,姻亲,姻亲,67,2,2,1,2,李敖秘密书房(2),娶、找我、先生
陈维昭,学术行政 / 证人见证 / 诉讼 / 公共论战,学术行政,67,2,2,1,1,李敖秘密书房(2),大学、台大、北大
鲁仲连,历史类比引用 / 政治异议者 / 神交引用,历史类比引用,66,10,10,1,2,李敖秘密书房(10),古代
韩愈,学术 / 出版 / 历史类比引用 / 神交引用,学术,66,3,3,1,2,李敖秘密书房(3),诗、文学、像
公路,军事人物,军事人物,66,2,2,1,2,李敖秘密书房(2),将军、国民党
应变,亲属,亲属,66,2,2,1,2,李敖秘密书房(2),妈妈、警察、政治
张牌,公共论战,公共论战,66,2,2,1,2,李敖秘密书房(2),民进党、政治、总统、共产党
曾振农,诉讼,诉讼,66,2,2,1,1,李敖秘密书房(2),法院、委员、民进党、先生
李嘉诚,政治人物,政治人物,66,2,2,1,1,李敖秘密书房(2),市长、报纸
贾桂林,政治人物,政治人物,66,2,2,1,1,李敖秘密书房(2),总统
赵连芳,政治人物,政治人物,66,2,2,1,1,李敖秘密书房(2),主席
越界越,见面,见面,66,2,2,1,1,李敖秘密书房(2),请他
那基本,媒体,媒体,66,2,2,1,2,李敖秘密书房(2),记者、像、研究
金溥聪,政治人物 / 见面 / 公共论战,政治人物,66,2,2,1,1,李敖秘密书房(2),一起
陈飞扁,公共论战,公共论战,66,2,2,1,2,李敖秘密书房(2),国民党、院长、总统
党章,公共论战,待复核,65,5,2,1,2,李敖秘密书房(5),民进党、国民党
冯玉祥,军事人物 / 政治人物 / 历史类比引用,军事人物,65,3,3,1,2,李敖秘密书房(3),电视、总统、像
那人家,朋友,朋友,65,3,2,1,3,李敖秘密书房(3),告诉我、晤、像
布鲁塔斯,历史类比引用 / 神交引用,历史类比引用,64,5,5,1,1,李敖秘密书房(5),
璩美凤,公共论战,待复核,64,4,2,1,1,李敖秘密书房(4),政治
宋能尔,神交引用,神交引用,64,3,3,1,1,李敖秘密书房(3),像
怀民,通信 / 公共论战,通信,64,3,3,1,2,李敖秘密书房(3),朋友、像
能跟李,神交引用,神交引用,64,3,2,1,3,李敖秘密书房(3),文学、像、访问、问我、共产党、先生
范仲淹,学术 / 政治人物 / 神交引用,学术,64,3,3,1,2,李敖秘密书房(3),委员、选举、像
袁枚,学术 / 诗文出处 / 历史类比引用 / 神交引用,学术,64,3,3,1,2,李敖秘密书房(3),像
观世音,虚拟人物 / 宗教人物 / 神交引用,虚拟人物,64,3,3,1,1,李敖秘密书房(3),
连雅堂,神交引用,神交引用,64,3,2,1,2,李敖秘密书房(3),像、嫁给
从陈水,亲属,亲属,64,2,2,1,2,李敖秘密书房(2),哥哥、律师、所谓、像、读
余玉贤,政治人物 / 公共论战,政治人物,64,2,2,1,1,李敖秘密书房(2),打电话、电话、父亲
凌峰家,神交引用,神交引用,64,2,2,1,1,李敖秘密书房(2),所谓、家里
别人排,政治人物,政治人物,64,2,2,1,2,李敖秘密书房(2),委员、国民党、古代、像
吕洞宾,宗教人物 / 历史类比引用 / 神交引用,宗教人物,64,2,2,1,1,李敖秘密书房(2),朋友、古代
周武王,历史类比引用 / 政治人物 / 神交引用,历史类比引用,64,2,2,1,1,李敖秘密书房(2),弟弟、儿子、古人、诗
孔子讲,看守戒护,看守戒护,64,2,2,1,2,李敖秘密书房(2),管理员、像、古人
孙悟空,虚拟人物 / 小说剧本人物 / 历史类比引用,虚拟人物,64,2,2,1,1,李敖秘密书房(2),
梅长龄,媒体 / 党务宣传 / 公共论战,媒体,64,2,2,1,1,李敖秘密书房(2),打电话、电话
康熙,政治人物 / 诗文出处 / 历史类比引用 / 神交引用,政治人物,63,3,3,1,3,李敖秘密书房(3),学术
王裕民,学术 / 诗文出处 / 创作资料协助 / 历史类比引用,学术,63,2,2,1,2,李敖秘密书房(2),学生、朋友、研究、像、教授
萧启庆,学术 / 朋友 / 见面 / 通信,学术,63,2,2,1,1,李敖秘密书房(2),同学、同班、研究、院长、所长、中央研究院
蔡诗渊,政治人物,政治人物,63,2,2,1,1,李敖秘密书房(2),诗、委员、民进党
许倬云,学术 / 诉讼 / 公共论战,学术,63,2,2,1,1,李敖秘密书房(2),研究、学术、中央研究院、学者、所谓
陈境圳,师生 / 医疗照护 / 财产信托 / 财产债务 / 见面,师生,63,2,2,1,2,李敖秘密书房(2),学生、读、像、教授、朋友
包装术,政治人物,政治人物,63,1,1,1,1,李敖秘密书房(1),选举
马哥施,媒体,媒体,63,1,1,1,1,李敖秘密书房(1),节目
济公,宗教人物 / 虚拟人物 / 神交引用,宗教人物,62,3,3,1,1,李敖秘密书房(3),诗、古代
秦始皇,政治人物 / 历史类比引用 / 公共论战 / 神交引用,政治人物,62,3,3,1,3,李敖秘密书房(3),像
周令飞,媒体 / 历史类比引用 / 神交引用,媒体,62,2,2,1,1,李敖秘密书房(2),儿子、国民党、共产党、宣传
周联华,宗教人物 / 学术,宗教人物,62,2,2,1,2,李敖秘密书房(2),选举、父亲、爸爸
孙科,政治人物 / 公职人员 / 选举助选 / 公共论战 / 历史类比引用,政治人物,62,2,2,1,2,李敖秘密书房(2),儿子、出版、党部、学生
孙立人,军事人物 / 政治人物 / 被害人 / 诉讼 / 公共论战 / 历史类比引用,军事人物,62,2,2,1,2,李敖秘密书房(2),学生、同学、参谋、到我家、我家来、将军
王德毅,见面 / 朋友 / 诗文出处,见面,62,2,2,1,1,李敖秘密书房(2),同学、同班
王玉云,政治人物 / 公共论战,政治人物,62,2,2,1,1,李敖秘密书房(2),老师、土地、法官
苏卡诺,政治人物 / 公职人员 / 历史类比引用,政治人物,62,2,2,1,1,李敖秘密书房(2),女儿、总统
苏哈托,军事人物 / 政治人物 / 公职人员 / 历史类比引用,军事人物,62,2,2,1,1,李敖秘密书房(2),委员、政府、警察
金庸,出版 / 见面 / 公共论战 / 神交引用,出版,62,2,2,1,2,李敖秘密书房(2),弟弟、大学、司法行政部、部长、国民党、儿子、读
陈果夫,政治人物 / 党务宣传 / 历史类比引用,政治人物,62,2,2,1,2,李敖秘密书房(2),哥哥、党部、政治、到我家、我家来、法院、委员、国民党
顾正秋,文艺音乐 / 婚姻相关,文艺音乐,62,2,2,1,1,李敖秘密书房(2),嫁给、国民党
施性忠,政治人物 / 政治异议者 / 通信 / 见面 / 创作资料协助,政治人物,61,2,2,1,2,李敖秘密书房(2),法庭、朋友、告诉我、爸爸、学术、市长
甄珍,媒体 / 文艺音乐 / 见面,媒体,61,2,2,1,1,李敖秘密书房(2),见、儿子
竺道生,宗教人物 / 神交引用,宗教人物,61,2,2,1,2,李敖秘密书房(2),老师、见、报导
莫文蔚,媒体 / 文艺音乐 / 见面,媒体,61,2,2,1,2,李敖秘密书房(2),见
谢东闵,政治人物 / 公共论战,政治人物,61,2,2,1,2,李敖秘密书房(2),总统、国民党、像
贝多芬,文艺音乐 / 神交引用,文艺音乐,61,2,2,1,1,李敖秘密书房(2),认识、朋友、见
郑竹梅,亲属 / 选举助选 / 创作资料协助,亲属,61,2,2,1,2,李敖秘密书房(2),杂志、国民党、像、女儿、台独、所谓
郭国基,政治人物 / 公共论战,政治人物,61,2,2,1,2,李敖秘密书房(2),大学、妈妈、政府、像
项羽,政治人物 / 军事人物 / 神交引用,政治人物,61,2,2,1,2,李敖秘密书房(2),政府
陈明光,司法人员,司法人员,61,1,1,1,1,李敖秘密书房(1),法官、检察官、像
基辛格,政治人物 / 神交引用,政治人物,60,3,3,1,2,李敖秘密书房(3),像
布鲁达克,学术 / 诗文出处 / 神交引用,学术,60,3,3,1,2,李敖秘密书房(3),古代
师父帮,神交引用,神交引用,60,3,2,1,1,李敖秘密书房(3),像
第欧根尼,学术 / 神交引用,学术,60,3,3,1,1,李敖秘密书房(3),哲学
万大鋐,诗文出处 / 情治警务 / 出版 / 历史类比引用,诗文出处,60,2,2,1,1,李敖秘密书房(2),杂志、论文
任卓宣,政治人物 / 党务宣传 / 出版 / 公共论战,政治人物,60,2,2,1,1,李敖秘密书房(2),国民党、共产党
伊亲近,亲属,亲属,60,2,1,1,1,李敖秘密书房(2),家里
小罗斯福,政治人物 / 公职人员 / 历史类比引用,政治人物,60,2,2,1,1,李敖秘密书房(2),传记、总统
张乐平,文艺音乐 / 诗文出处 / 公共论战 / 历史类比引用,文艺音乐,60,2,2,1,1,李敖秘密书房(2),弟弟、国民党、像
王杏庆,媒体 / 诉讼 / 公共论战 / 朋友,媒体,60,2,2,1,1,李敖秘密书房(2),朋友、序、读、像
秦慧珠,政治人物 / 公职人员 / 创作资料协助 / 公共论战,政治人物,60,2,2,1,2,李敖秘密书房(2),民进党、政治、法院
纳什,出版 / 历史类比引用 / 神交引用,出版,60,2,2,1,1,李敖秘密书房(2),政府
许文志,看守戒护 / 刑求人员 / 诉讼,看守戒护,60,2,2,1,2,李敖秘密书房(2),国民党、政府、像、总统
赵元任,学术 / 学术行政 / 神交引用,学术,60,2,2,1,1,李敖秘密书房(2),朋友、老师、学者、思想
陈寅恪,学术 / 历史类比引用 / 神交引用,学术,60,2,2,1,2,李敖秘密书房(2),像、思想、所谓、老师
马可波罗,诗文出处 / 历史类比引用 / 神交引用,诗文出处,60,2,2,1,1,李敖秘密书房(2),见、传记
马有没,师生,师生,60,2,1,1,1,李敖秘密书房(2),教授
台凤司,司法人员,司法人员,60,1,1,1,1,李敖秘密书房(1),法官、总统
尤美女,律师代理,律师代理,60,1,1,1,1,李敖秘密书房(1),律师、委员
常常替,司法人员,司法人员,60,1,1,1,1,李敖秘密书房(1),法官
李宗德,律师代理,律师代理,60,1,1,1,1,李敖秘密书房(1),事务、律师
郑胜助,律师代理 / 诉讼 / 见面,律师代理,60,1,1,1,1,李敖秘密书房(1),认识、律师、像
陈郁秀,师生,师生,60,1,1,1,1,李敖秘密书房(1),老师、学生
但丁,诗文出处 / 历史类比引用 / 神交引用,诗文出处,59,2,2,1,2,李敖秘密书房(2),朋友、像、见
堂吉诃德,虚拟人物,虚拟人物,59,2,2,1,1,李敖秘密书房(2),政治、主义、所谓、像、读
海明威,诗文出处 / 历史类比引用 / 神交引用,诗文出处,59,2,2,1,2,李敖秘密书房(2),像、写稿、文学、朋友
纪昀,学术 / 诗文出处 / 历史类比引用 / 神交引用,学术,59,2,2,1,2,李敖秘密书房(2),读、哲学
连家立,朋友 / 见面,朋友,59,2,2,1,2,李敖秘密书房(2),政治、见、像
陈庚金,政治人物 / 党务宣传 / 公共论战,政治人物,59,2,2,1,2,李敖秘密书房(2),国民党、像、总统
别请施,师生,师生,59,1,1,1,1,李敖秘密书房(1),到我家、老师、家里、电视
王唯工,师生,师生,59,1,1,1,1,李敖秘密书房(1),教授、研究
王荣祖,师生,师生,59,1,1,1,1,李敖秘密书房(1),教授、研究、像
白无玉,师生,师生,59,1,1,1,1,李敖秘密书房(1),老师
谢稚柳,学术 / 神交引用,学术,59,1,1,1,1,李敖秘密书房(1),教授、研究、所长
陈舜政,诗文出处 / 历史类比引用 / 神交引用,诗文出处,59,1,1,1,1,李敖秘密书房(1),教授、同学、台大、像
须跟李,师生,师生,59,1,1,1,1,李敖秘密书房(1),教授
张小燕,媒体 / 见面,媒体,58,3,3,1,1,李敖秘密书房(3),
李光耀,政治人物 / 公共论战,政治人物,58,3,3,1,2,李敖秘密书房(3),
骆明道,朋友 / 见面 / 通信,朋友,58,3,3,1,1,李敖秘密书房(3),
黄庭坚,学术 / 诗文出处 / 历史类比引用 / 神交引用,学术,58,3,3,1,1,李敖秘密书房(3),
东流,朋友,朋友,58,2,1,1,1,李敖秘密书房(2),朋友
刘邦友,政治人物 / 被害人 / 社会案件 / 公共论战,政治人物,58,2,2,1,1,李敖秘密书房(2),民进党
席德进,文艺音乐 / 见面 / 历史类比引用,文艺音乐,58,2,2,1,1,李敖秘密书房(2),像
张继高,媒体 / 出版 / 通信 / 朋友 / 见面 / 公共论战,媒体,58,2,2,1,1,李敖秘密书房(2),批评
林海音,诗文出处 / 出版 / 朋友 / 创作资料协助,诗文出处,58,2,2,1,1,李敖秘密书房(2),像、书店、文星、作品
林献堂,政治人物 / 诗文出处 / 历史类比引用 / 公共论战,政治人物,58,2,2,1,2,李敖秘密书房(2),像、女儿、夫人
国全国,政治人物,政治人物,58,1,1,1,1,李敖秘密书房(1),主席、委员
国防务,政治人物,政治人物,58,1,1,1,1,李敖秘密书房(1),主席、委员
林云,宗教人物 / 婚姻相关 / 公共论战,宗教人物,57,2,2,1,2,李敖秘密书房(2),打电话、电话
程建人,公职人员 / 政治人物 / 媒体 / 同学 / 公共论战,公职人员,57,2,2,1,1,李敖秘密书房(2),像、部长、国民党、政治、读
艾伦·胡佛,神交引用,神交引用,57,2,2,1,2,李敖秘密书房(2),说过、导演
黄天福,政治人物 / 媒体 / 出版 / 公共论战 / 通信,政治人物,57,2,2,1,2,李敖秘密书房(2),政府、读
傅友德,军事人物 / 神交引用,军事人物,57,1,1,1,1,李敖秘密书房(1),将军
刘维斌,证人见证 / 财产信托,证人见证,57,1,1,1,1,李敖秘密书房(1),朋友、导演
华招召,媒体,媒体,57,1,1,1,1,李敖秘密书房(1),记者、主席、选举
向吴汉,军事人物,军事人物,57,1,1,1,1,李敖秘密书房(1),将军
国代开,媒体,媒体,57,1,1,1,1,李敖秘密书房(1),记者、读
塔夫脱,政治人物 / 主剧情人物 / 小说剧本人物 / 司法人员 / 历史类比引用,政治人物,57,1,1,1,1,李敖秘密书房(1),大学、总统
家期待,政治人物,政治人物,57,1,1,1,1,李敖秘密书房(1),总统
席再做,政治人物,政治人物,57,1,1,1,1,李敖秘密书房(1),主席、国民党、像
沈醉,情治警务 / 军事人物 / 诗文出处 / 通信 / 出版,情治警务,57,1,1,1,1,李敖秘密书房(1),报人、特务、少将、共产党、像
谷正文,情治警务 / 军事人物 / 见面 / 证人见证 / 创作资料协助 / 公共论战,情治警务,57,1,1,1,1,李敖秘密书房(1),告诉我、将军、共产党
陈癸淼,政治人物,政治人物,57,1,1,1,1,李敖秘密书房(1),委员、国民党、政治
高国防,政治人物,政治人物,57,1,1,1,1,李敖秘密书房(1),秘书、委员、上校
魏宜智,情治警务,情治警务,57,1,1,1,1,李敖秘密书房(1),警备总部、上校
公冶长,神交引用,神交引用,56,2,2,1,1,李敖秘密书房(2),古代、像
奥威尔,出版 / 政治异议者 / 神交引用,出版,56,2,2,1,2,李敖秘密书房(2),家里
文祥,政治人物 / 神交引用,政治人物,56,2,2,1,1,李敖秘密书房(2),
明成祖,历史类比引用 / 政治人物 / 神交引用,历史类比引用,56,2,2,1,2,李敖秘密书房(2),像、思想、所谓
李丽华,媒体 / 文艺音乐 / 公共论战,媒体,56,2,2,1,1,李敖秘密书房(2),
王莽,政治人物 / 公职人员 / 宗教人物 / 历史类比引用 / 神交引用,政治人物,56,2,2,1,1,李敖秘密书房(2),儿子
郑邦镇,学术 / 政治人物 / 选举助选 / 公共论战,学术,56,2,2,1,1,李敖秘密书房(2),主席、市长
陆游,诗文出处 / 历史类比引用 / 神交引用,诗文出处,56,2,2,1,2,李敖秘密书房(2),诗、像、书里
经理跟,姻亲,姻亲,56,1,1,1,1,李敖秘密书房(1),朋友、女儿、太太、结婚、离婚
胡适妈,亲属,亲属,56,1,1,1,1,李敖秘密书房(1),见、爸爸、妈妈、女儿、太太、结婚
胡适怕,见面,见面,56,1,1,1,1,李敖秘密书房(1),碰到、太太、夫人、记者
刘半农,学术 / 诗文出处 / 历史类比引用 / 神交引用,学术,55,2,2,1,1,李敖秘密书房(2),大学
宋朝王,师生,师生,55,2,1,1,2,李敖秘密书房(2),老师、学生
李师科,烈士殉难 / 社会案件 / 老兵士官,烈士殉难,55,2,2,1,1,李敖秘密书房(2),见、关怀、研究
李鸿章,政治人物 / 学术 / 公共论战 / 神交引用,政治人物,55,2,2,1,2,李敖秘密书房(2),将军、历史上、像
王羲之,文艺音乐 / 诗文出处 / 历史类比引用 / 神交引用,文艺音乐,55,2,2,1,1,李敖秘密书房(2),研究
蔡万霖,财产债务 / 公共论战,财产债务,55,2,2,1,1,李敖秘密书房(2),报纸
司马迁,历史类比引用 / 神交引用,历史类比引用,55,1,1,1,1,李敖秘密书房(1),国民党、所谓、像
康德,神交引用,神交引用,55,1,1,1,1,李敖秘密书房(1),台独、哲学、像
廖正豪,司法人员 / 公职人员 / 政治人物 / 公共论战,司法人员,55,1,1,1,1,李敖秘密书房(1),一起、法务部、委员、部长、选举、先生
张明,出版 / 见面,出版,55,1,1,1,1,李敖秘密书房(1),法官、检察官
张明细,司法人员,司法人员,55,1,1,1,1,李敖秘密书房(1),法官、检察官
惠特妮,通信,通信,55,1,1,1,1,李敖秘密书房(1),写信、回信、像
杨国枢,学术 / 公共论战,学术,55,1,1,1,1,李敖秘密书房(1),见、研究、中央研究院、院长、秘书
林彬,司法人员 / 公职人员 / 师生,司法人员,55,1,1,1,1,李敖秘密书房(1),一起、司法行政部、法务部、部长
林森,政治人物 / 公职人员 / 公共论战 / 历史类比引用,政治人物,55,1,1,1,1,李敖秘密书房(1),太太、结婚、主席、像
赵怡,通信,通信,55,1,1,1,1,李敖秘密书房(1),打电话、电话
连战拥,通信,通信,55,1,1,1,1,李敖秘密书房(1),见、打电话、电话、家里
都来谈,学术,学术,55,1,1,1,1,李敖秘密书房(1),教授、研究、大学、台大、中央研究院
马丁·路德·金,人权救援 / 政治异议者 / 神交引用,人权救援,55,1,1,1,1,李敖秘密书房(1),博士、政治、像
鲁实先,学术 / 神交引用,学术,55,1,1,1,1,李敖秘密书房(1),教授、研究、学者、大学、中央研究院、批评
吴锦丽,姻亲,姻亲,54,2,1,1,1,李敖秘密书房(2),见、夫人、研究、中央研究院、电视、总统
孟德斯鸠,学术 / 政治人物 / 诗文出处 / 神交引用,学术,54,2,2,1,1,李敖秘密书房(2),像
左拉,诗文出处 / 政治异议者 / 公共论战 / 历史类比引用,诗文出处,54,2,2,1,1,李敖秘密书房(2),朋友
王人达,师生,师生,54,2,1,1,2,李敖秘密书房(2),学生、朋友、父亲、国民党、先生
王必成,出版 / 公共论战,出版,54,2,2,1,2,李敖秘密书房(2),告诉我、像
红娘,虚拟人物 / 小说剧本人物 / 历史类比引用 / 神交引用,虚拟人物,54,2,2,1,2,李敖秘密书房(2),共产党
陈逸安,亲属,亲属,54,2,1,1,2,李敖秘密书房(2),妈妈
伊冯娜,姻亲,姻亲,54,1,1,1,1,李敖秘密书房(1),结婚
伏尔泰,诗文出处 / 学术 / 政治异议者 / 历史类比引用 / 神交引用,诗文出处,54,1,1,1,1,李敖秘密书房(1),像
别人纠,师生,师生,54,1,1,1,1,李敖秘密书房(1),教授
别助理,师生,师生,54,1,1,1,1,李敖秘密书房(1),助理、总统
别政坛,政治人物,政治人物,54,1,1,1,1,李敖秘密书房(1),委员、立委
包括施,亲属,亲属,54,1,1,1,1,李敖秘密书房(1),编辑、姐姐
华盛顿,政治人物 / 公职人员 / 历史类比引用,政治人物,54,1,1,1,1,李敖秘密书房(1),古代
台凤怎,财产债务,财产债务,54,1,1,1,1,李敖秘密书房(1),土地
司部分,司法人员,司法人员,54,1,1,1,1,李敖秘密书房(1),检察官、法务部、部长
吴启宾,司法人员 / 诉讼 / 公共论战,司法人员,54,1,1,1,1,李敖秘密书房(1),告诉我、报纸、院长、法院
吴焕章,朋友 / 见面,朋友,54,1,1,1,1,李敖秘密书房(1),父亲、主席、政府、将军、司令、先生
国会权,学术行政,学术行政,54,1,1,1,1,李敖秘密书房(1),院长、法院、总统
国度,师生,师生,54,1,1,1,1,李敖秘密书房(1),教授
宋珉来,师生,师生,54,1,1,1,1,李敖秘密书房(1),教授
宋联合,政治人物,政治人物,54,1,1,1,1,李敖秘密书房(1),委员、立委、国民党、像
家会笑,司法人员,司法人员,54,1,1,1,1,李敖秘密书房(1),法官、政治
家尊敬,师生,师生,54,1,1,1,1,李敖秘密书房(1),教授、大学、像
家尊重,编辑,编辑,54,1,1,1,1,李敖秘密书房(1),编辑、总编辑、采访、检察官、律师
家属讲,司法人员,司法人员,54,1,1,1,1,李敖秘密书房(1),检察官、律师、法院、起诉
家庭生,见面,见面,54,1,1,1,1,李敖秘密书房(1),见、见面、教授、妈妈
家杜威,师生,师生,54,1,1,1,1,李敖秘密书房(1),陪他、学生、哲学、先生
富华证,姻亲,姻亲,54,1,1,1,1,李敖秘密书房(1),太太、像
师李济,通信,通信,54,1,1,1,1,李敖秘密书房(1),请他、写信、老师、研究、论文、中央研究院、所长、著作
师父怎,师生,师生,54,1,1,1,1,李敖秘密书房(1),教授、所长、像
师赶走,司法人员,司法人员,54,1,1,1,1,李敖秘密书房(1),检察官、律师、法院、起诉
师高,司法人员,司法人员,54,1,1,1,1,李敖秘密书房(1),见、法官、律师
平面媒,媒体,媒体,54,1,1,1,1,李敖秘密书房(1),报纸、电视、广播、宣传、像
应拆除,学术行政,学术行政,54,1,1,1,1,李敖秘密书房(1),院长
徐副秘,亲属,亲属,54,1,1,1,1,李敖秘密书房(1),父亲、秘书、党部
恩格斯,学术 / 公共论战 / 神交引用,学术,54,1,1,1,1,李敖秘密书房(1),写信、朋友、主义
文天祥,历史类比引用 / 政治异议者,历史类比引用,54,1,1,1,1,李敖秘密书房(1),像
李家同,学术行政 / 学术 / 公共论战,学术行政,54,1,1,1,1,李敖秘密书房(1),教授、大学、像、校长
李文忠,政治人物 / 公共论战 / 见面,政治人物,54,1,1,1,1,李敖秘密书房(1),找他、父亲、国民党
李进诚,司法人员,司法人员,54,1,1,1,1,李敖秘密书房(1),检察官、律师、法院、起诉
李锦美,司法人员,司法人员,54,1,1,1,1,李敖秘密书房(1),证人、法官、法庭
林损,师生,师生,54,1,1,1,1,李敖秘密书房(1),教授、大学
林炳钦,出版,出版,54,1,1,1,1,李敖秘密书房(1),出版社、出版、书里、先生
欧美做,学术行政,学术行政,54,1,1,1,1,李敖秘密书房(1),研究、中央研究院
江兆申,师生,师生,54,1,1,1,1,李敖秘密书房(1),老师、文学、先生
洪金珠,媒体,媒体,54,1,1,1,1,李敖秘密书房(1),访问、记者、文学
温保权,师生,师生,54,1,1,1,1,李敖秘密书房(1),教授、政治、像
王宝先,学术 / 见面 / 医疗照护,学术,54,1,1,1,1,李敖秘密书房(1),认识、研究、中央研究院、管理员
王宠惠,司法人员 / 公职人员 / 政治人物 / 选举助选 / 历史类比引用,司法人员,54,1,1,1,1,李敖秘密书房(1),见、院长、像
王雪峰,亲属,亲属,54,1,1,1,1,李敖秘密书房(1),父亲、国民党、民进党
班魏建,亲属,亲属,54,1,1,1,1,李敖秘密书房(1),同班、父亲、诗
益匪浅,师生,师生,54,1,1,1,1,李敖秘密书房(1),见、教授
盘古,虚拟人物 / 宗教人物 / 历史类比引用 / 神交引用,虚拟人物,54,1,1,1,1,李敖秘密书房(1),教授、大学、哲学、像
石氏,政治人物,政治人物,54,1,1,1,1,李敖秘密书房(1),主席、政府
祝胡适,通信,通信,54,1,1,1,1,李敖秘密书房(1),写信、老师、研究、论文、中央研究院、所长、先生
章义来,学术,学术,54,1,1,1,1,李敖秘密书房(1),见、研究、学者
管到,司法人员,司法人员,54,1,1,1,1,李敖秘密书房(1),检察官、法务部、部长
米伦,通信,通信,54,1,1,1,1,李敖秘密书房(1),晤、致函、总统
经由立,师生,师生,54,1,1,1,1,李敖秘密书房(1),助理、经费、法院、委员
胡适可,情感,情感,54,1,1,1,1,李敖秘密书房(1),情人
胡适同,姻亲,姻亲,54,1,1,1,1,李敖秘密书房(1),结婚
胡适抱,姻亲,姻亲,54,1,1,1,1,李敖秘密书房(1),结婚
艾森豪威尔,政治人物 / 军事人物 / 历史类比引用,政治人物,54,1,1,1,1,李敖秘密书房(1),晤、致函、总统、政府
苏格拉底,学术 / 历史类比引用 / 神交引用,学术,54,1,1,1,1,李敖秘密书房(1),家里
莫德惠,政治人物 / 公职人员 / 选举助选 / 历史类比引用,政治人物,54,1,1,1,1,李敖秘密书房(1),见、院长
蒋英国,财产债务,财产债务,54,1,1,1,1,李敖秘密书房(1),土地、像
解释司,学术行政,学术行政,54,1,1,1,1,李敖秘密书房(1),院长、法院
詹森,政治人物,政治人物,54,1,1,1,1,李敖秘密书房(1),总统、选举
谢妈妈,亲属,亲属,54,1,1,1,1,李敖秘密书房(1),妈妈、委员、国民党
谢阿娇,媒体,媒体,54,1,1,1,1,李敖秘密书房(1),朋友、节目、电视
赵天仪,证人见证 / 创作资料协助 / 学术 / 诉讼,证人见证,54,1,1,1,1,李敖秘密书房(1),大学、院长、文学、像
越南,媒体,媒体,54,1,1,1,1,李敖秘密书房(1),记者、记者招待会、委员
达尔文,神交引用,神交引用,54,1,1,1,1,李敖秘密书房(1),出版、像
连任共,通信,通信,54,1,1,1,1,李敖秘密书房(1),致函、总统、政府
连战送,学术行政,学术行政,54,1,1,1,1,李敖秘密书房(1),院长
那党主,政治人物,政治人物,54,1,1,1,1,李敖秘密书房(1),总统、主席、国民党
那叫胡,师生,师生,54,1,1,1,1,李敖秘密书房(1),教授、弟弟、大学、先生
那学生,师生,师生,54,1,1,1,1,李敖秘密书房(1),学生
那谁要,司法人员,司法人员,54,1,1,1,1,李敖秘密书房(1),法官、律师
邱茂男,刑求受害,刑求受害,54,1,1,1,1,李敖秘密书房(1),刑求、国民党、先生
都去打,司法人员,司法人员,54,1,1,1,1,李敖秘密书房(1),法官、立委
都坏,司法人员,司法人员,54,1,1,1,1,李敖秘密书房(1),法官
都很想,师生,师生,54,1,1,1,1,李敖秘密书房(1),教授
都有台,律师代理,律师代理,54,1,1,1,1,李敖秘密书房(1),律师
金立委,政治人物,政治人物,54,1,1,1,1,李敖秘密书房(1),委员、立委、国民党、像
闻报导,师生,师生,54,1,1,1,1,李敖秘密书房(1),教授、报导、读
陀思妥耶夫斯基,神交引用,神交引用,54,1,1,1,1,李敖秘密书房(1),书里
陈医师,师生,师生,54,1,1,1,1,李敖秘密书房(1),老师
韩国来,亲属,亲属,54,1,1,1,1,李敖秘密书房(1),家里、经费、政府
顾锦才,司法人员 / 诉讼 / 公共论战,司法人员,54,1,1,1,1,李敖秘密书房(1),法官、判决、书里、像
马歇尔,军事人物 / 政治人物 / 历史类比引用 / 神交引用,军事人物,54,1,1,1,1,李敖秘密书房(1),法官、法院、政府、像
高华德,政治人物 / 公共论战 / 历史类比引用 / 神交引用,政治人物,54,1,1,1,1,李敖秘密书房(1),总统、选举
高参,军事人物,军事人物,54,1,1,1,1,李敖秘密书房(1),少将、参谋
麻雀永,学术,学术,54,1,1,1,1,李敖秘密书房(1),一起、研究、学者、中央研究院
黄宏成,师生 / 学术 / 见面,师生,54,1,1,1,1,李敖秘密书房(1),学生、大学、作品、文学、先生
别人嘛,学术,学术,53,2,1,1,1,李敖秘密书房(2),研究、攻击、所谓、像
国家没,政治人物,政治人物,53,2,1,1,2,李敖秘密书房(2),总统
宗教怎,见面,见面,53,2,1,1,2,李敖秘密书房(2),一起、政治
时效性,媒体,媒体,53,2,1,1,2,李敖秘密书房(2),电视
那假如,政治人物,政治人物,53,2,1,1,2,李敖秘密书房(2),总统、政治
高丽,见面,见面,53,2,1,1,2,李敖秘密书房(2),陪他、将军
丁仲丁,媒体,媒体,53,1,1,1,1,李敖秘密书房(1),电视
亚里士多德,学术 / 神交引用,学术,53,1,1,1,1,李敖秘密书房(1),学者
别人尤,媒体,媒体,53,1,1,1,1,李敖秘密书房(1),采访
别位朋,学术,学术,53,1,1,1,1,李敖秘密书房(1),朋友、论文
别早,军事人物,军事人物,53,1,1,1,1,李敖秘密书房(1),将军、历史上、像
卢泰愚,政治人物 / 公职人员 / 公共论战 / 历史类比引用,政治人物,53,1,1,1,1,李敖秘密书房(1),总统、政治、军购、像
古人打,军事人物,军事人物,53,1,1,1,1,李敖秘密书房(1),将军、古代、古人、像
司马辽太,见面,见面,53,1,1,1,1,李敖秘密书房(1),访问
吉劳德,政治人物,政治人物,53,1,1,1,1,李敖秘密书房(1),委员
吴仪,政治人物,政治人物,53,1,1,1,1,李敖秘密书房(1),部长
唐飞可,诉讼,诉讼,53,1,1,1,1,李敖秘密书房(1),法院、像
国诞生,政治人物,政治人物,53,1,1,1,1,李敖秘密书房(1),总统
夏志清,学术 / 诗文出处 / 公共论战,学术,53,1,1,1,1,李敖秘密书房(1),交往、研究、先生
威尔逊,政治人物 / 公职人员 / 公共论战 / 历史类比引用 / 神交引用,政治人物,53,1,1,1,1,李敖秘密书房(1),见、总统、像
宗教结,见面,见面,53,1,1,1,1,李敖秘密书房(1),一起、国民党
宫女扯,见面,见面,53,1,1,1,1,李敖秘密书房(1),一起
家权力,政治人物,政治人物,53,1,1,1,1,李敖秘密书房(1),总统
容易背,政治人物,政治人物,53,1,1,1,1,李敖秘密书房(1),总统
居伴侣,见面,见面,53,1,1,1,1,李敖秘密书房(1),一起、朋友
巴黎铁,见面,见面,53,1,1,1,1,李敖秘密书房(1),见
张纮炬,学术,学术,53,1,1,1,1,李敖秘密书房(1),大学、政治、像
强迫云,军事人物,军事人物,53,1,1,1,1,李敖秘密书房(1),将军
徐平羽,学术,学术,53,1,1,1,1,李敖秘密书房(1),北大、文学、先生
成仁歌,同事,同事,53,1,1,1,1,李敖秘密书房(1),同在、诗
成立最,政治人物,政治人物,53,1,1,1,1,李敖秘密书房(1),委员
曹宝禄,见面,见面,53,1,1,1,1,李敖秘密书房(1),见
朱光潜,学术 / 出版 / 历史类比引用 / 神交引用,学术,53,1,1,1,1,李敖秘密书房(1),大学、像
李同生,见面,见面,53,1,1,1,1,李敖秘密书房(1),碰到、像、先生
李志敏,学术,学术,53,1,1,1,1,李敖秘密书房(1),北大、文学
杨兰俊,学术,学术,53,1,1,1,1,李敖秘密书房(1),学者、像、先生
林嘉诚,见面,见面,53,1,1,1,1,李敖秘密书房(1),碰到、电视、市长
林重谟,见面,见面,53,1,1,1,1,李敖秘密书房(1),访问、民进党
武士混,见面,见面,53,1,1,1,1,李敖秘密书房(1),一起、国民党
段胡适,媒体,媒体,53,1,1,1,1,李敖秘密书房(1),节目、主义、先生
王伟忠,见面,见面,53,1,1,1,1,李敖秘密书房(1),请我
王菲见,见面,见面,53,1,1,1,1,李敖秘密书房(1),见、政治
王鼎昌,政治人物,政治人物,53,1,1,1,1,李敖秘密书房(1),总统
白头,见面,见面,53,1,1,1,1,李敖秘密书房(1),见、将军、像
管道太,见面,见面,53,1,1,1,1,李敖秘密书房(1),见、学者
翁瑞午,见面,见面,53,1,1,1,1,李敖秘密书房(1),一起、像
老子,学术 / 诗文出处 / 历史类比引用 / 神交引用,学术,53,1,1,1,1,李敖秘密书房(1),见
胡兆扬,朋友 / 见面 / 通信 / 媒体,朋友,53,1,1,1,1,李敖秘密书房(1),朋友、告诉我
能够参,政治人物,政治人物,53,1,1,1,1,李敖秘密书房(1),总统
苏联发,见面,见面,53,1,1,1,1,李敖秘密书房(1),访问、政府
苏联签,政治人物,政治人物,53,1,1,1,1,李敖秘密书房(1),部长、所谓、像
解孩子,编辑,编辑,53,1,1,1,1,李敖秘密书房(1),编辑、朋友、文学
解经国,政治人物,政治人物,53,1,1,1,1,李敖秘密书房(1),主席、像、先生
许翼云,科学家 / 公职人员 / 公共论战,科学家,53,1,1,1,1,李敖秘密书房(1),委员
贝当,政治人物 / 军事人物 / 历史类比引用 / 神交引用,政治人物,53,1,1,1,1,李敖秘密书房(1),上校、所谓
连主席,政治人物,政治人物,53,1,1,1,1,李敖秘密书房(1),主席、国民党
通电拥,政治人物,政治人物,53,1,1,1,1,李敖秘密书房(1),委员
那妖僧,见面,见面,53,1,1,1,1,李敖秘密书房(1),一起
那恐怖,见面,见面,53,1,1,1,1,李敖秘密书房(1),见、总统
那王莽,政治人物,政治人物,53,1,1,1,1,李敖秘密书房(1),政府
那种火,学术,学术,53,1,1,1,1,李敖秘密书房(1),研究
那老先,见面,见面,53,1,1,1,1,李敖秘密书房(1),碰到
那跟许,见面,见面,53,1,1,1,1,李敖秘密书房(1),一起、先生
郭金塔,出版,出版,53,1,1,1,1,李敖秘密书房(1),报纸、报导、像、先生
郭锦涛,出版,出版,53,1,1,1,1,李敖秘密书房(1),交往、报纸、报导、像、先生
都常觉,政治人物,政治人物,53,1,1,1,1,李敖秘密书房(1),总统、政治
都很珍,见面,见面,53,1,1,1,1,李敖秘密书房(1),见、学者
金山乡,学术,学术,53,1,1,1,1,李敖秘密书房(1),学术
陈嘉宏,媒体,媒体,53,1,1,1,1,李敖秘密书房(1),记者、台独
陈奎淼,政治人物 / 公共论战,政治人物,53,1,1,1,1,李敖秘密书房(1),委员
雷震请,编辑,编辑,53,1,1,1,1,李敖秘密书房(1),发行、杂志
项羽打,政治人物,政治人物,53,1,1,1,1,李敖秘密书房(1),政府
顾问公,政治人物,政治人物,53,1,1,1,1,李敖秘密书房(1),选举
马继良,见面,见面,53,1,1,1,1,李敖秘密书房(1),认识、先生
黄义交,政治人物 / 朋友 / 见面,政治人物,53,1,1,1,1,李敖秘密书房(1),电视、像
刘禅,政治人物 / 历史类比引用,政治人物,52,2,2,1,1,李敖秘密书房(2),主义
左翼团,朋友,朋友,52,2,1,1,1,李敖秘密书房(2),跟我说、所谓
张荫桓,政治人物 / 主剧情人物 / 小说剧本人物 / 历史类比引用 / 神交引用,政治人物,52,2,2,1,2,李敖秘密书房(2),诗
弥尔顿,诗文出处 / 政治异议者 / 历史类比引用 / 神交引用,诗文出处,52,2,2,1,2,李敖秘密书房(2),像
林怀民,朋友,朋友,52,2,1,1,2,李敖秘密书房(2),朋友
段宏俊,财产债务 / 诉讼 / 社会案件,财产债务,52,2,2,1,2,李敖秘密书房(2),像
罗振玉,学术 / 学术考证引用 / 朋友 / 历史类比引用 / 神交引用,学术,52,2,2,1,1,李敖秘密书房(2),古代
阿弥陀佛,宗教人物 / 神交引用,宗教人物,52,2,2,1,2,李敖秘密书房(2),思想
和尚交,朋友,朋友,52,1,1,1,1,李敖秘密书房(1),朋友
小蕾,情感 / 称谓待考 / 见面,情感,52,1,1,1,1,李敖秘密书房(1),朋友
平转移,公共论战,公共论战,52,1,1,1,1,李敖秘密书房(1),台独
林黛玉,虚拟人物 / 小说剧本人物 / 历史类比引用,虚拟人物,52,1,1,1,1,李敖秘密书房(1),所谓
梅特涅,公共论战,公共论战,52,1,1,1,1,李敖秘密书房(1),国民党、像
祖先磕,公共论战,公共论战,52,1,1,1,1,李敖秘密书房(1),国民党
空洞化,公共论战,公共论战,52,1,1,1,1,李敖秘密书房(1),政治、所谓
胡学古,朋友,朋友,52,1,1,1,1,李敖秘密书房(1),朋友、政治、先生
荷西,神交引用,神交引用,52,1,1,1,1,李敖秘密书房(1),国民党
许以祺,创作资料协助 / 学术 / 朋友 / 通信,创作资料协助,52,1,1,1,1,李敖秘密书房(1),朋友、先生
诸位伺,朋友,朋友,52,1,1,1,1,李敖秘密书房(1),朋友、说过
陈烨说,朋友,朋友,52,1,1,1,1,李敖秘密书房(1),朋友、说过
高信疆,媒体 / 出版 / 通信 / 朋友 / 证人见证 / 见面 / 公共论战,媒体,52,1,1,1,1,李敖秘密书房(1),朋友、先生
姜贵跟,神交引用,神交引用,51,1,1,1,1,李敖秘密书房(1),文学、像
伊索,诗文出处 / 历史类比引用 / 神交引用,诗文出处,50,2,2,1,1,李敖秘密书房(2),
地藏菩萨,宗教人物 / 神交引用,宗教人物,50,2,2,1,1,李敖秘密书房(2),
杨丽花,文艺音乐 / 媒体 / 公共论战,文艺音乐,50,2,2,1,1,李敖秘密书房(2),
法朗士,出版 / 神交引用,出版,50,2,2,1,2,李敖秘密书房(2),
犹大,宗教人物 / 历史类比引用 / 神交引用,宗教人物,50,2,2,1,1,李敖秘密书房(2),
赵宁,媒体 / 学术 / 诉讼 / 公共论战 / 见面,媒体,50,2,2,1,1,李敖秘密书房(2),
陈中雄,媒体 / 创作资料协助 / 通信,媒体,50,2,2,1,1,李敖秘密书房(2),
公家,神交引用,神交引用,50,1,1,1,1,李敖秘密书房(1),读
别人接,神交引用,神交引用,50,1,1,1,1,李敖秘密书房(1),古代
别人设,神交引用,神交引用,50,1,1,1,1,李敖秘密书房(1),主义
古代传,神交引用,神交引用,50,1,1,1,1,李敖秘密书房(1),古代
和东森,神交引用,神交引用,50,1,1,1,1,李敖秘密书房(1),像
尚问题,神交引用,神交引用,50,1,1,1,1,李敖秘密书房(1),文学
尹俊,情治警务 / 军事人物 / 历史类比引用,情治警务,50,1,1,1,1,李敖秘密书房(1),将军、少将、军长、师长
应该蛮,神交引用,神交引用,50,1,1,1,1,李敖秘密书房(1),像
张隆延,诗文出处 / 出版 / 文艺音乐,诗文出处,50,1,1,1,1,李敖秘密书房(1),诗、先生
梁武帝,政治人物 / 宗教人物 / 神交引用,政治人物,50,1,1,1,1,李敖秘密书房(1),像
甄珍看,神交引用,神交引用,50,1,1,1,1,李敖秘密书房(1),像
艾洛弗,神交引用,神交引用,50,1,1,1,1,李敖秘密书房(1),像
赵孟頫,文艺音乐 / 诗文出处 / 公职人员 / 历史类比引用 / 神交引用,文艺音乐,50,1,1,1,1,李敖秘密书房(1),像、先生
连战身,神交引用,神交引用,50,1,1,1,1,李敖秘密书房(1),像
何键,军事人物 / 政治人物 / 历史类比引用,军事人物,49,1,1,1,1,李敖秘密书房(1),弟弟、妹妹、太太、国民党
余英时,学术 / 公共论战,学术,49,1,1,1,1,李敖秘密书房(1),朋友、研究、中央研究院、院长、国民党、批评、所谓
周伯伦,政治人物 / 公共论战 / 见面,政治人物,49,1,1,1,1,李敖秘密书房(1),编辑、发行、总编辑、委员、部长、民进党
周清玉,公职人员 / 政治人物 / 政治异议者 / 人权救援 / 通信 / 选举助选 / 公共论战,公职人员,49,1,1,1,1,李敖秘密书房(1),关怀、爸爸、妈妈、杂志
宣统,政治人物 / 历史类比引用 / 神交引用,政治人物,49,1,1,1,1,李敖秘密书房(1),教授、教书
李戡,亲属 / 出版 / 学术 / 公共论战 / 财产信托,亲属,49,1,1,1,1,李敖秘密书房(1),爸爸、妈妈
林世煜,媒体 / 政治异议者 / 通信 / 公共论战,媒体,49,1,1,1,1,李敖秘密书房(1),编辑、发行、总编辑、委员、部长、民进党
陈雪屏,学术 / 政治人物 / 公职人员 / 党务宣传 / 历史类比引用,学术,49,1,1,1,1,李敖秘密书房(1),朋友、研究、中央研究院、院长、所谓
丁尼生,诗文出处 / 神交引用,诗文出处,48,1,1,1,1,李敖秘密书房(1),夫人、诗
严侨,师生 / 学术 / 朋友 / 见面 / 政治异议者 / 同案狱友 / 人权救援,师生,48,1,1,1,1,李敖秘密书房(1),认识、老师、哥哥、夫人、电视、共产党
何应钦,军事人物 / 政治人物 / 公职人员 / 历史类比引用,军事人物,48,1,1,1,1,李敖秘密书房(1),一起、爸爸
刘辰旦,同案狱友 / 政治异议者 / 创作资料协助 / 公共论战,同案狱友,48,1,1,1,1,李敖秘密书房(1),刑求、同案、像
叶翔之,政治人物 / 军事人物 / 党务宣传,政治人物,48,1,1,1,1,李敖秘密书房(1),调查局、研究、学术、中央研究院、政治
吴敦义,政治人物 / 公职人员 / 通信 / 出版管制 / 公共论战,政治人物,48,1,1,1,1,李敖秘密书房(1),市长、政府
哥白尼,科学家 / 神交引用,科学家,48,1,1,1,1,李敖秘密书房(1),出版品、儿子、出版
姚兴,政治人物 / 宗教人物 / 历史类比引用,政治人物,48,1,1,1,1,李敖秘密书房(1),妹妹
姜太公,政治人物 / 军事人物 / 神交引用,政治人物,48,1,1,1,1,李敖秘密书房(1),教授、像
宋神宗,历史类比引用 / 政治人物,历史类比引用,48,1,1,1,1,李敖秘密书房(1),
宋美龄,亲属 / 政治人物 / 公职人员 / 公共论战 / 历史类比引用,亲属,48,1,1,1,1,李敖秘密书房(1),夫人
庄万寿,学术 / 见面 / 公共论战,学术,48,1,1,1,1,李敖秘密书房(1),教授、朋友、报纸
庄申,学术 / 见面 / 朋友 / 通信,学术,48,1,1,1,1,李敖秘密书房(1),教书、朋友、儿子、夫人、文学
康德黎,学术 / 医疗照护 / 神交引用,学术,48,1,1,1,1,李敖秘密书房(1),老师
张世民,同学 / 朋友 / 见面 / 通信,同学,48,1,1,1,1,李敖秘密书房(1),朋友、太太、学者、大学
张俊宏,政治人物 / 政治异议者 / 媒体 / 公共论战,政治人物,48,1,1,1,1,李敖秘密书房(1),一起、同学、哥哥、台大
张博雅,政治人物 / 公职人员 / 选举助选 / 公共论战,政治人物,48,1,1,1,1,李敖秘密书房(1),妈妈、政府、国民党、像
张桂贞,亲属 / 诉讼 / 创作资料协助 / 财产债务,亲属,48,1,1,1,1,李敖秘密书房(1),太太
张灿鍙,政治人物 / 政治异议者 / 人权救援 / 诉讼,政治人物,48,1,1,1,1,李敖秘密书房(1),市长、县长、台独、像
张玉法,学术 / 诉讼 / 公共论战,学术,48,1,1,1,1,李敖秘密书房(1),同学、研究、大学、中央研究院、所长、像
彭孟缉,军事人物 / 政治人物 / 情治警务 / 公共论战,军事人物,48,1,1,1,1,李敖秘密书房(1),儿子
徐庆钟,政治人物 / 公职人员 / 亲属 / 创作资料协助 / 历史类比引用,政治人物,48,1,1,1,1,李敖秘密书房(1),
徐武军,见面 / 学术,见面,48,1,1,1,1,李敖秘密书房(1),见、写信、同学、朋友、儿子、史学
徐锡麟,政治异议者 / 烈士殉难 / 历史类比引用 / 神交引用,政治异议者,48,1,1,1,1,李敖秘密书房(1),
成舍我,媒体 / 学术行政 / 公共论战,媒体,48,1,1,1,1,李敖秘密书房(1),太太、像
李天培,学术 / 同学 / 朋友 / 见面,学术,48,1,1,1,1,李敖秘密书房(1),一起、同学、朋友、太太、学者
李政一,同案狱友 / 政治异议者 / 刑求受害 / 通信,同案狱友,48,1,1,1,1,李敖秘密书房(1),刑求、同案、像
李炳南,学术 / 政治人物 / 见面 / 公共论战,学术,48,1,1,1,1,李敖秘密书房(1),秘书、委员
李自成,政治人物 / 军事人物 / 历史类比引用 / 神交引用,政治人物,48,1,1,1,1,李敖秘密书房(1),政府、党部、警察
杨锦铨,师生,师生,48,1,1,1,1,李敖秘密书房(1),老师、报纸、事务
查良钊,学术 / 证人见证,学术,48,1,1,1,1,李敖秘密书房(1),弟弟、司法行政部、部长、国民党
柴启宸,司法人员 / 诉讼 / 通信 / 公共论战,司法人员,48,1,1,1,1,李敖秘密书房(1),院长、法院
江盖世,政治人物 / 政治异议者 / 人权救援 / 诉讼 / 通信 / 见面,政治人物,48,1,1,1,1,李敖秘密书房(1),一起、同学、同班、杂志、国民党
沈之岳,情治警务,情治警务,48,1,1,1,1,李敖秘密书房(1),调查局、研究、学术、中央研究院、政治
沈尹默,学术 / 学术行政 / 文艺音乐 / 诗文出处 / 历史类比引用 / 神交引用,学术,48,1,1,1,1,李敖秘密书房(1),家里、研究、像
王地,政治人物 / 公共论战 / 神交引用,政治人物,48,1,1,1,1,李敖秘密书房(1),妈妈、政府、像
王小屯,姻亲 / 情感 / 见面 / 出版 / 医疗照护,姻亲,48,1,1,1,1,李敖秘密书房(1),太太、像
王尚义,同学 / 朋友 / 出版 / 创作资料协助 / 通信,同学,48,1,1,1,1,李敖秘密书房(1),妹妹
王敦,政治人物 / 军事人物 / 神交引用,政治人物,48,1,1,1,1,李敖秘密书房(1),儿子
王浩,学术 / 神交引用,学术,48,1,1,1,1,李敖秘密书房(1),刑求、政治、像
福斯特,出版 / 神交引用,出版,48,1,1,1,1,李敖秘密书房(1),宣传
简志信,朋友 / 财产债务,朋友,48,1,1,1,1,李敖秘密书房(1),
约翰·马歇尔,司法人员 / 政治人物 / 历史类比引用 / 神交引用,司法人员,48,1,1,1,1,李敖秘密书房(1),法官、法院、政府、像
罗尔纲,学术 / 出版 / 神交引用,学术,48,1,1,1,1,李敖秘密书房(1),学生、交往
翁文维,情治警务 / 政治人物 / 公共论战,情治警务,48,1,1,1,1,李敖秘密书房(1),朋友、调查局
苏建和,被害人 / 诉讼 / 人权救援 / 公共论战,被害人,48,1,1,1,1,李敖秘密书房(1),监狱
董作宾,学术 / 学术行政 / 见面 / 公共论战,学术,48,1,1,1,1,李敖秘密书房(1),研究、中央研究院、所长、像
董其昌,文艺音乐 / 历史类比引用 / 神交引用,文艺音乐,48,1,1,1,1,李敖秘密书房(1),老师、朋友、读
袁祝泰,同学 / 朋友 / 通信,同学,48,1,1,1,1,李敖秘密书房(1),一起、同学、同房、台大
许荣淑,政治人物 / 政治异议者 / 人权救援 / 通信 / 公共论战,政治人物,48,1,1,1,1,李敖秘密书房(1),
谢冰莹,诗文出处 / 出版 / 历史类比引用,诗文出处,48,1,1,1,1,李敖秘密书房(1),探监、共产党、政治、像
贝尔,科学家 / 神交引用,科学家,48,1,1,1,1,李敖秘密书房(1),请他、电话
费正清,学术 / 历史类比引用 / 神交引用,学术,48,1,1,1,1,李敖秘密书房(1),寄给、家里
邱正雄,政治人物 / 公职人员 / 财产债务 / 公共论战,政治人物,48,1,1,1,1,李敖秘密书房(1),研究、院长
郭正亮,政治人物,政治人物,48,1,1,1,1,李敖秘密书房(1),财产、电视、国民党、民进党
郭雨新,政治人物 / 公共论战 / 神交引用,政治人物,48,1,1,1,1,李敖秘密书房(1),妈妈、政府、政治、像
阿提拉,军事人物 / 政治人物 / 历史类比引用 / 神交引用,军事人物,48,1,1,1,1,李敖秘密书房(1),结婚
陈圆圆,历史类比引用 / 情感 / 神交引用,历史类比引用,48,1,1,1,1,李敖秘密书房(1),家里
陈良榘,律师代理 / 诉讼 / 创作资料协助,律师代理,48,1,1,1,1,李敖秘密书房(1),一起、同学、同房、台大
陈重光,媒体 / 公共论战,媒体,48,1,1,1,1,李敖秘密书房(1),弟弟、总统、委员、司令
陶行知,学术 / 公共论战 / 神交引用,学术,48,1,1,1,1,李敖秘密书房(1),学生、诗
高一涵,学术 / 公共论战 / 神交引用,学术,48,1,1,1,1,李敖秘密书房(1),一起、教授、朋友、杂志
高玉树,政治人物 / 公职人员 / 公共论战,政治人物,48,1,1,1,1,李敖秘密书房(1),妈妈、政府、政治、像
魏廷昱,政治异议者 / 见面 / 创作资料协助 / 社会案件 / 公共论战,政治异议者,48,1,1,1,1,李敖秘密书房(1),弟弟、委员
黄中国,同案狱友 / 政治异议者 / 诉讼 / 被害人,同案狱友,48,1,1,1,1,李敖秘密书房(1),见、一起、台独、古代
丁远超,媒体 / 公共论战,媒体,47,1,1,1,1,李敖秘密书房(1),记者、批评
乔治·马歇尔,军事人物 / 政治人物 / 公共论战 / 历史类比引用,军事人物,47,1,1,1,1,李敖秘密书房(1),国民党、批评、像
伊莉莎白女王,政治人物 / 历史类比引用 / 神交引用,政治人物,47,1,1,1,1,李敖秘密书房(1),一起
何飞鹏,出版 / 媒体 / 见面,出版,47,1,1,1,1,李敖秘密书房(1),朋友、出版
冯定国,政治人物 / 朋友 / 见面,政治人物,47,1,1,1,1,李敖秘密书房(1),立委、民进党
刘老板,同学 / 见面 / 称谓待考,同学,47,1,1,1,1,李敖秘密书房(1),校对、朋友、传记、文学
史非非,朋友 / 创作资料协助,朋友,47,1,1,1,1,李敖秘密书房(1),认识、朋友
叶德辉,学术 / 诗文出处 / 出版 / 历史类比引用 / 神交引用,学术,47,1,1,1,1,李敖秘密书房(1),学者、国民党、共产党、所谓
吴淑珍,政治人物 / 亲属 / 公共论战,政治人物,47,1,1,1,1,李敖秘密书房(1),见
唐尧,政治人物 / 神交引用,政治人物,47,1,1,1,1,李敖秘密书房(1),研究
小凤仙,情感 / 神交引用,情感,47,1,1,1,1,李敖秘密书房(1),见、共产党
左宗棠,军事人物 / 政治人物 / 历史类比引用 / 神交引用,军事人物,47,1,1,1,1,李敖秘密书房(1),将军、历史上、像
巴列维,政治人物 / 公共论战 / 神交引用,政治人物,47,1,1,1,1,李敖秘密书房(1),认识、像
布什,政治人物 / 公共论战,政治人物,47,1,1,1,1,李敖秘密书房(1),市长
张忠栋,学术 / 公共论战,学术,47,1,1,1,1,李敖秘密书房(1),政府、像
李可染,文艺音乐 / 学术 / 公职人员 / 历史类比引用 / 神交引用,文艺音乐,47,1,1,1,1,李敖秘密书房(1),党部、像
李四端,媒体 / 公共论战,媒体,47,1,1,1,1,李敖秘密书房(1),电视、像
李胜峰,政治人物 / 公共论战,政治人物,47,1,1,1,1,李敖秘密书房(1),一起、民进党
李霁野,学术 / 出版,学术,47,1,1,1,1,李敖秘密书房(1),一起、书店、博士
杨秀清,历史类比引用 / 宗教人物 / 政治人物 / 神交引用,历史类比引用,47,1,1,1,1,李敖秘密书房(1),研究
林文郎,政治人物 / 党务宣传,政治人物,47,1,1,1,1,李敖秘密书房(1),朋友、告诉我、立委
林浊水,政治人物 / 公共论战,政治人物,47,1,1,1,1,李敖秘密书房(1),节目、台独、像
林风眠,学术 / 文艺音乐 / 历史类比引用 / 神交引用,学术,47,1,1,1,1,李敖秘密书房(1),党部、像
梁鸿志,政治人物 / 公职人员 / 历史类比引用,政治人物,47,1,1,1,1,李敖秘密书房(1),政府
汪敬煦,军事人物 / 见面 / 姻亲,军事人物,47,1,1,1,1,李敖秘密书房(1),司令
洪秀柱,政治人物 / 公共论战,政治人物,47,1,1,1,1,李敖秘密书房(1),一起、国民党、民进党
王克敏,政治人物,政治人物,47,1,1,1,1,李敖秘密书房(1),政府
王导,政治人物 / 神交引用,政治人物,47,1,1,1,1,李敖秘密书房(1),请他
罗福助,政治人物 / 见面 / 公共论战,政治人物,47,1,1,1,1,李敖秘密书房(1),法院、总统、政治
胡佛,政治人物 / 公职人员 / 历史类比引用,政治人物,47,1,1,1,1,李敖秘密书房(1),总统
苏洪月娇,政治人物 / 公职人员 / 政治异议者 / 社会案件 / 诉讼 / 通信 / 公共论战,政治人物,47,1,1,1,1,李敖秘密书房(1),报纸、国民党
萨达姆·侯赛因,政治人物 / 军事人物 / 公共论战 / 神交引用,政治人物,47,1,1,1,1,李敖秘密书房(1),导演
许强,医疗照护 / 同案狱友 / 人权救援 / 烈士殉难,医疗照护,47,1,1,1,1,李敖秘密书房(1),台大、像
赖阿胜,出版 / 创作资料协助,出版,47,1,1,1,1,李敖秘密书房(1),朋友、出版、作品
赵龙文,同学 / 情治警务 / 见面,同学,47,1,1,1,1,李敖秘密书房(1),警察
邓维贤,媒体 / 出版 / 政治异议者 / 通信 / 公共论战,媒体,47,1,1,1,1,李敖秘密书房(1),访问、朋友、问我
颜锦福,政治人物 / 创作资料协助 / 公共论战,政治人物,47,1,1,1,1,李敖秘密书房(1),发行、委员、民进党
魏道明,政治人物 / 公职人员 / 历史类比引用,政治人物,47,1,1,1,1,李敖秘密书房(1),主席
哈姆雷特,虚拟人物,虚拟人物,46,1,1,1,1,李敖秘密书房(1),
唐绍仪,政治人物 / 公职人员 / 历史类比引用 / 神交引用,政治人物,46,1,1,1,1,李敖秘密书房(1),国民党、像
宋教仁,政治人物 / 神交引用,政治人物,46,1,1,1,1,李敖秘密书房(1),国民党
宫崎寅藏,政治人物 / 神交引用,政治人物,46,1,1,1,1,李敖秘密书房(1),朋友、读
少年维特,虚拟人物 / 情感 / 神交引用,虚拟人物,46,1,1,1,1,李敖秘密书房(1),朋友
尾生,历史类比引用 / 情感 / 神交引用,历史类比引用,46,1,1,1,1,李敖秘密书房(1),像
拜伦,诗文出处 / 历史类比引用 / 神交引用,诗文出处,46,1,1,1,1,李敖秘密书房(1),思想、诗、像
施琅,历史类比引用 / 军事人物,历史类比引用,46,1,1,1,1,李敖秘密书房(1),朋友
朱高正,政治人物 / 公共论战 / 党务宣传,政治人物,46,1,1,1,1,李敖秘密书房(1),政治
王大姐,见面 / 称谓待考,见面,46,1,1,1,1,李敖秘密书房(1),朋友
白瑞德,虚拟人物 / 情感 / 神交引用,虚拟人物,46,1,1,1,1,李敖秘密书房(1),
秦孝公,政治人物 / 历史类比引用 / 神交引用,政治人物,46,1,1,1,1,李敖秘密书房(1),告诉我
罗惠芳,朋友 / 见面,朋友,46,1,1,1,1,李敖秘密书房(1),朋友、文学
胡虚一,通信 / 朋友 / 出版 / 创作资料协助 / 同案狱友 / 政治异议者 / 学术,通信,46,1,1,1,1,李敖秘密书房(1),朋友、政治
萧军,出版 / 公共论战 / 神交引用,出版,46,1,1,1,1,李敖秘密书房(1),共产党
萧裕珍,政治人物 / 党务宣传,政治人物,46,1,1,1,1,李敖秘密书房(1),民进党
越王勾践,政治人物 / 军事人物 / 神交引用,政治人物,46,1,1,1,1,李敖秘密书房(1),政治、古代、所谓
那志良,学术 / 诗文出处 / 创作资料协助 / 历史类比引用,学术,46,1,1,1,1,李敖秘密书房(1),朋友
郎世宁,文艺音乐 / 历史类比引用 / 神交引用,文艺音乐,46,1,1,1,1,李敖秘密书房(1),作品、古代、像
高阳,诗文出处 / 出版 / 公共论战 / 见面,诗文出处,46,1,1,1,1,李敖秘密书房(1),批评、作品、像
叶公超,政治人物 / 公职人员 / 学术 / 财产债务 / 公共论战 / 见面 / 历史类比引用,政治人物,45,1,1,1,1,李敖秘密书房(1),说过、像
张俭,政治异议者 / 历史类比引用 / 神交引用,政治异议者,45,1,1,1,1,李敖秘密书房(1),读、诗
扁鹊,医疗照护 / 神交引用,医疗照护,45,1,1,1,1,李敖秘密书房(1),历史上、古代
白鲸,虚拟人物 / 小说剧本人物 / 历史类比引用 / 神交引用,虚拟人物,45,1,1,1,1,李敖秘密书房(1),文学、像
亚当·斯密,学术 / 诗文出处 / 神交引用,学术,44,1,1,1,1,李敖秘密书房(1),主义
史怀哲,宗教人物 / 人权救援 / 历史类比引用 / 神交引用,宗教人物,44,1,1,1,1,李敖秘密书房(1),像
唐文标,学术 / 诗文出处 / 政治异议者 / 朋友,学术,44,1,1,1,1,李敖秘密书房(1),说过
唐玄宗,政治人物 / 诗文出处 / 历史类比引用 / 神交引用,政治人物,44,1,1,1,1,李敖秘密书房(1),诗
巴里,出版 / 神交引用,出版,44,1,1,1,1,李敖秘密书房(1),古人
张修,宗教人物 / 神交引用,宗教人物,44,1,1,1,1,李敖秘密书房(1),像
张大春,出版 / 媒体 / 公共论战,出版,44,1,1,1,1,李敖秘密书房(1),像
拿破仑三世,政治人物 / 神交引用,政治人物,44,1,1,1,1,李敖秘密书房(1),比喻
文强,情治警务 / 出版,情治警务,44,1,1,1,1,李敖秘密书房(1),文学
曹汝霖,政治人物 / 公共论战 / 历史类比引用 / 神交引用,政治人物,44,1,1,1,1,李敖秘密书房(1),读
李国鼎,政治人物 / 公职人员 / 公共论战,政治人物,44,1,1,1,1,李敖秘密书房(1),像
杨贵妃,历史类比引用 / 情感 / 神交引用,历史类比引用,44,1,1,1,1,李敖秘密书房(1),古代
林毓生,学术 / 师生 / 公共论战,学术,44,1,1,1,1,李敖秘密书房(1),主义
梁肃戎,政治人物 / 公职人员 / 通信 / 公共论战,政治人物,44,1,1,1,1,李敖秘密书房(1),像
毕加索,文艺音乐 / 神交引用,文艺音乐,44,1,1,1,1,李敖秘密书房(1),像
波尔,科学家 / 学术 / 神交引用,科学家,44,1,1,1,1,李敖秘密书房(1),像
詹宏志,出版 / 媒体 / 创作资料协助,出版,44,1,1,1,1,李敖秘密书房(1),像
谢持,政治人物 / 历史类比引用,政治人物,44,1,1,1,1,李敖秘密书房(1),像
赵翼,学术 / 诗文出处 / 学术考证引用 / 历史类比引用 / 神交引用,学术,44,1,1,1,1,李敖秘密书房(1),诗
霍桑,出版 / 神交引用,出版,44,1,1,1,1,李敖秘密书房(1),文学
顾炎武,学术 / 政治异议者 / 历史类比引用 / 神交引用,学术,44,1,1,1,1,李敖秘密书房(1),像
马丁·路德,宗教人物 / 神交引用 / 公共论战,宗教人物,44,1,1,1,1,李敖秘密书房(1),像
高士奇,公职人员 / 诗文出处 / 文艺音乐 / 历史类比引用 / 神交引用,公职人员,44,1,1,1,1,李敖秘密书房(1),像
麦哲伦,神交引用,神交引用,44,1,1,1,1,李敖秘密书房(1),像
刘九庵,学术 / 神交引用,学术,42,1,1,1,1,李敖秘密书房(1),
刘松藩,政治人物 / 公共论战 / 选举助选,政治人物,42,1,1,1,1,李敖秘密书房(1),
利玛窦,宗教人物 / 学术 / 诗文出处 / 历史类比引用 / 神交引用,宗教人物,42,1,1,1,1,李敖秘密书房(1),
劳伦斯,诗文出处 / 历史类比引用 / 神交引用,诗文出处,42,1,1,1,1,李敖秘密书房(1),
劳莱,文艺音乐 / 历史类比引用 / 神交引用,文艺音乐,42,1,1,1,1,李敖秘密书房(1),
吴三桂,历史类比引用 / 政治人物 / 军事人物 / 情感 / 神交引用,历史类比引用,42,1,1,1,1,李敖秘密书房(1),
吴申叔,朋友 / 出版 / 见面 / 亲属,朋友,42,1,1,1,1,李敖秘密书房(1),
哈里森·索尔兹伯里,媒体 / 出版 / 神交引用,媒体,42,1,1,1,1,李敖秘密书房(1),
圣严法师,宗教人物 / 公共论战,宗教人物,42,1,1,1,1,李敖秘密书房(1),
宋徽宗,政治人物 / 文艺音乐 / 历史类比引用 / 神交引用,政治人物,42,1,1,1,1,李敖秘密书房(1),
宋钦宗,政治人物 / 历史类比引用 / 神交引用,政治人物,42,1,1,1,1,李敖秘密书房(1),
巴斯德,科学家 / 神交引用,科学家,42,1,1,1,1,李敖秘密书房(1),
张良,政治人物 / 军事人物 / 历史类比引用 / 神交引用,政治人物,42,1,1,1,1,李敖秘密书房(1),
托斯卡尼尼,文艺音乐 / 神交引用,文艺音乐,42,1,1,1,1,李敖秘密书房(1),
斯坦贝克,出版 / 神交引用,出版,42,1,1,1,1,李敖秘密书房(1),
易卜生,诗文出处 / 神交引用,诗文出处,42,1,1,1,1,李敖秘密书房(1),
朱婉清,公职人员 / 创作资料协助 / 公共论战,公职人员,42,1,1,1,1,李敖秘密书房(1),
李远,学术 / 神交引用,学术,42,1,1,1,1,李敖秘密书房(1),
杰克逊,政治人物 / 主剧情人物 / 小说剧本人物 / 历史类比引用,政治人物,42,1,1,1,1,李敖秘密书房(1),
毛姆,出版 / 神交引用,出版,42,1,1,1,1,李敖秘密书房(1),
江雁容,虚拟人物 / 小说剧本人物,虚拟人物,42,1,1,1,1,李敖秘密书房(1),
海伦,虚拟人物 / 历史类比引用 / 情感 / 神交引用,虚拟人物,42,1,1,1,1,李敖秘密书房(1),
海根,宗教人物 / 神交引用,宗教人物,42,1,1,1,1,李敖秘密书房(1),
清仁宗,政治人物 / 神交引用,政治人物,42,1,1,1,1,李敖秘密书房(1),
王惕吾,媒体 / 出版 / 财产债务 / 公共论战,媒体,42,1,1,1,1,李敖秘密书房(1),
神农,宗教人物 / 医疗照护 / 历史类比引用 / 神交引用,宗教人物,42,1,1,1,1,李敖秘密书房(1),
米歇尔,政治人物 / 媒体 / 公共论战,政治人物,42,1,1,1,1,李敖秘密书房(1),
蒋孝勇,亲属 / 政治人物 / 媒体 / 公共论战,亲属,42,1,1,1,1,李敖秘密书房(1),
蔡仁坚,政治人物 / 公共论战,政治人物,42,1,1,1,1,李敖秘密书房(1),
要离,历史类比引用 / 江湖人物 / 烈士殉难 / 神交引用,历史类比引用,42,1,1,1,1,李敖秘密书房(1),
谢冠生,司法人员 / 政治人物 / 创作资料协助 / 历史类比引用,司法人员,42,1,1,1,1,李敖秘密书房(1),
费希平,政治人物 / 公共论战 / 媒体 / 选举助选,政治人物,42,1,1,1,1,李敖秘密书房(1),
阿里,体育人物 / 公共论战 / 神交引用,体育人物,42,1,1,1,1,李敖秘密书房(1),
陈香梅,媒体 / 政治人物 / 历史类比引用,媒体,42,1,1,1,1,李敖秘密书房(1),
韩信,军事人物 / 历史类比引用 / 神交引用,军事人物,42,1,1,1,1,李敖秘密书房(1),
高力士,政治人物 / 历史类比引用 / 神交引用,政治人物,42,1,1,1,1,李敖秘密书房(1),
魏忠贤,历史类比引用 / 政治人物 / 神交引用,历史类比引用,42,1,1,1,1,李敖秘密书房(1),
黄少谷,政治人物 / 司法人员 / 公共论战 / 通信,政治人物,42,1,1,1,1,李敖秘密书房(1),
都会有,待复核,待复核,99,8,5,1,8,李敖秘密书房(8),像、研究、一起、朋友、爸爸、妈妈、读、教授
邓变脸,待复核,待复核,99,7,7,1,1,李敖秘密书房(7),朋友、序
陆妹,待复核,待复核,99,3,3,1,1,李敖秘密书房(3),出版社、出版、读
宗教商,待复核,待复核,96,3,3,1,1,李敖秘密书房(3),
魏龙豪,待复核,待复核,94,6,3,1,2,李敖秘密书房(6),像、同学、妈妈、回信、土地、先生
能够到,待复核,待复核,88,6,3,1,6,李敖秘密书房(6),认识、朋友、总统、所谓、访问、记者、报导、法院
从天空,待复核,待复核,88,2,2,1,1,李敖秘密书房(2),教授
能够帮,待复核,待复核,82,7,3,1,6,李敖秘密书房(7),秘书、参谋、妈妈、家里、律师、一起
家奇怪,待复核,待复核,79,5,3,1,5,李敖秘密书房(5),老师、父亲、大学、哲学、文学、研究、国民党、像
那边去,待复核,待复核,78,5,3,1,4,李敖秘密书房(5),读、编辑、记者、电视、北大、律师
东西吃,待复核,待复核,76,5,3,1,3,李敖秘密书房(5),像、朋友、哥哥
能够完,待复核,待复核,76,5,3,1,5,李敖秘密书房(5),像、健康检查、国民党
明武宗,待复核,待复核,72,6,2,1,2,李敖秘密书房(6),电视、所谓、碰到
相信李,待复核,待复核,72,3,2,1,3,李敖秘密书房(3),教授、朋友、分手、像、告诉我、电视、选举
张幼仪,待复核,待复核,69,4,2,1,1,李敖秘密书房(4),离婚、夫人、儿子
花生,待复核,待复核,67,4,2,1,2,李敖秘密书房(4),总统、所谓、请我、教授、台大
那问题,待复核,待复核,67,4,2,1,3,李敖秘密书房(4),爸爸、政府
那有人,待复核,待复核,65,4,1,1,4,李敖秘密书房(4),总统、台独、政治
高惠宇,待复核,待复核,65,3,2,1,2,李敖秘密书房(3),民进党、委员、像
时代背,待复核,待复核,63,6,2,1,5,李敖秘密书房(6),像、一起
明信片,待复核,待复核,59,3,1,1,2,李敖秘密书房(3),出版
钱到哪,待复核,待复核,58,2,1,1,2,李敖秘密书房(2),
华旧梦,待复核,待复核,58,1,1,1,1,李敖秘密书房(1),
怀想杨,待复核,待复核,58,1,1,1,1,李敖秘密书房(1),
都会想,待复核,待复核,56,3,1,1,3,李敖秘密书房(3),像
解决之,待复核,待复核,54,3,1,1,3,李敖秘密书房(3),委员、政府、国民党
孔子所,待复核,待复核,54,2,1,1,2,李敖秘密书房(2),教授、像
常高兴,待复核,待复核,54,2,1,1,2,李敖秘密书房(2),夫人、总统、像
高难度,待复核,待复核,53,4,1,1,3,李敖秘密书房(4),总统、思想
别人讲,待复核,待复核,53,3,1,1,3,李敖秘密书房(3),主席
张雅琴,待复核,待复核,53,3,1,1,1,李敖秘密书房(3),访问、告诉我、问我
边去,待复核,待复核,53,3,1,1,2,李敖秘密书房(3),委员、政治、所谓
那种自,待复核,待复核,53,3,1,1,3,李敖秘密书房(3),北大
从民国,待复核,待复核,53,2,1,1,2,李敖秘密书房(2),一起、朋友、总统
应该叫,待复核,待复核,53,2,1,1,2,李敖秘密书房(2),委员
能改革,待复核,待复核,52,2,1,1,2,李敖秘密书房(2),国民党
郁永河,待复核,待复核,50,4,1,1,2,李敖秘密书房(4),作品
和尚发,待复核,待复核,50,2,1,1,2,李敖秘密书房(2),古代
那包括,待复核,待复核,50,2,1,1,2,李敖秘密书房(2),像
